CodigoCauce,subdel,Tierra,Hormigon,Entubado,PVC,Chapa,Sin dato
0051,Rio Atuel,439.851,0,0,0,0,0
0055,Rio Atuel,0,0,0,0,0,994.331
1028,Rio Mendoza,23068.069,11972.151,0,0,0,0
1029,Rio Mendoza,12273.947,6138.991,0,0,0,0
1032,Rio Mendoza,6149.045999999999,3149.133,0,0,0,0
1033,Rio Mendoza,6383.682,469.71999999999997,0,0,0,0
1034,Rio Mendoza,16825.124,11324.011,0,0,0,0
1035,Rio Mendoza,19.559,9934.696,0,0,0,0
1036,Rio Mendoza,26566.122,1269.694,11.829,0,0,0
1061,Rio Mendoza,21068.393,12531.875,0,0,0,0
1066,Rio Mendoza,23777.68,4295.858,0,0,0,0
1067,Rio Mendoza,5838.716,2726.696,100.024,0,0,0
1091,Rio Mendoza,33037.436,9407.708,0,0,0,0
1114,Rio Mendoza,3946.786,0,0,0,0,0
1116,Rio Mendoza,1308.968,0,0,0,0,0
1117,Rio Mendoza,0,0,25.477,0,0,0
1119,Rio Mendoza,69.543,44.370000000000005,0,0,0,0
1121,Rio Mendoza,0,0,0,0,0,0
1122,Rio Mendoza,0,0,0,0,0,0
1123,Rio Mendoza,200.123,0,0,0,0,0
1124,Rio Mendoza,1023.802,0,0,0,0,0
1125,Rio Mendoza,1595.4769999999999,0,0,0,0,0
1126,Rio Mendoza,1640.081,0,0,0,0,0
1127,Rio Mendoza,0,0,0,0,0,0
1128,Rio Mendoza,152.646,0,0,0,0,0
1129,Rio Mendoza,1223.437,0,0,0,0,0
1130,Rio Mendoza,0,0,0,0,0,0
1131,Rio Mendoza,3710.753,19.257,0,0,0,0
1132,Rio Mendoza,8982.537,141.138,0,0,0,0
1133,Rio Mendoza,12943.628,216.509,0,0,0,0
1134,Rio Mendoza,0,0,0,0,0,0
1135,Rio Mendoza,0,0,0,0,0,0
1136,Rio Mendoza,0,0,0,0,0,0
1137,Rio Mendoza,0,0,0,0,0,0
1138,Rio Mendoza,471.482,0,0,0,0,0
1139,Rio Mendoza,423.49,0,0,0,0,0
1141,Rio Mendoza,0,0,0,0,0,0
1143,Rio Mendoza,0,0,0,0,0,0
1145,Rio Mendoza,0,0,0,0,0,0
1146,Rio Mendoza,978.7900000000001,0,0,0,0,0
1147,Rio Mendoza,2358.435,0,0,0,0,0
1148,Rio Mendoza,2349.449,0,0,0,0,0
1149,Rio Mendoza,1124.177,0,0,0,0,0
1151,Rio Mendoza,1629.286,0,0,0,0,0
1157,Rio Mendoza,566.418,0,0,0,0,0
1164,Rio Mendoza,1652.973,0,0,0,0,0
1167,Rio Mendoza,0,0,0,0,0,0
1168,Rio Mendoza,0,0,0,0,0,0
1171,Rio Mendoza,66.132,0,0,0,0,0
1173,Rio Mendoza,0,0,0,0,0,0
1177,Rio Mendoza,0,0,0,0,0,0
1178,Rio Mendoza,47020.177,227.34,0,0,0,0
1179,Rio Mendoza,377.694,0,0,0,0,0
1180,Rio Mendoza,2056.511,0,0,0,0,0
1181,Rio Mendoza,536.226,0,0,0,0,0
1182,Rio Mendoza,18653.541,94.012,0,0,0,0
1183,Rio Mendoza,4491.755,31.684,0,0,0,0
1185,Rio Mendoza,3021.718,34.175,0,0,0,0
1188,Rio Mendoza,264.017,66.058,0,0,0,0
1189,Rio Mendoza,2819.624,48.563,0,0,0,0
1190,Rio Mendoza,1391.251,0,0,0,0,0
1191,Rio Mendoza,1685.377,24.771,0,0,0,0
1192,Rio Mendoza,0,0,0,0,0,0
1193,Rio Mendoza,0,0,0,0,0,0
1194,Rio Mendoza,2327.168,0,0,0,0,0
1195,Rio Mendoza,442.01,0,0,0,0,0
1196,Rio Mendoza,642.062,0,0,0,0,0
1197,Rio Mendoza,2662.354,0,0,0,0,0
1198,Rio Mendoza,134.221,13.079,0,0,0,0
1199,Rio Mendoza,1892.4720000000002,0,0,0,0,0
1200,Rio Mendoza,0,0,0,0,0,0
1201,Rio Mendoza,0,0,0,0,0,0
1202,Rio Mendoza,0,0,0,0,0,0
1203,Rio Mendoza,0,0,0,0,0,0
1205,Rio Mendoza,0,0,0,0,0,0
1206,Rio Mendoza,0,0,0,0,0,0
1208,Rio Mendoza,0,0,0,0,0,0
1209,Rio Mendoza,0,0,0,0,0,0
1210,Rio Mendoza,0,0,0,0,0,0
1211,Rio Mendoza,0,0,0,0,0,0
1212,Rio Mendoza,0,0,0,0,0,0
1213,Rio Mendoza,404.208,0,0,0,0,0
1214,Rio Mendoza,211.101,0,0,0,0,0
1215,Rio Mendoza,0,0,0,0,0,0
1216,Rio Mendoza,0,0,0,0,0,0
1218,Rio Mendoza,1290.402,0,0,0,0,0
1219,Rio Mendoza,0,0,0,0,0,0
1220,Rio Mendoza,0,0,0,0,0,0
1221,Rio Mendoza,0,0,0,0,0,0
1224,Rio Mendoza,800.395,0,0,0,0,0
1225,Rio Mendoza,1647.634,0,0,0,0,0
1226,Rio Mendoza,0,0,0,0,0,0
1227,Rio Mendoza,0,0,0,0,0,0
1228,Rio Mendoza,787.863,0,0,0,0,0
1230,Rio Mendoza,0,0,0,0,0,0
1231,Rio Mendoza,0,0,0,0,0,0
1237,Rio Mendoza,0,0,0,0,0,0
1238,Rio Mendoza,0,0,0,0,0,0
1239,Rio Mendoza,0,0,0,0,0,0
1240,Rio Mendoza,0,0,0,0,0,0
1241,Rio Mendoza,0,0,0,0,0,0
1242,Rio Mendoza,0,0,0,0,0,0
1243,Rio Mendoza,0,0,0,0,0,0
1245,Rio Mendoza,0,0,0,0,0,0
1246,Rio Mendoza,0,0,0,0,0,0
1247,Rio Mendoza,0,0,0,0,0,0
1248,Rio Mendoza,0,0,0,0,0,0
1249,Rio Mendoza,162.177,0,0,0,0,0
1250,Rio Mendoza,0,0,0,0,0,0
1251,Rio Mendoza,0,0,0,0,0,0
1252,Rio Mendoza,0,0,0,0,0,0
1253,Rio Mendoza,470.78999999999996,0,0,0,0,0
1254,Rio Mendoza,0,0,0,0,0,0
1255,Rio Mendoza,0,0,0,0,0,0
1256,Rio Mendoza,0,0,0,0,0,0
1257,Rio Mendoza,1420.653,0,0,0,0,0
1262,Rio Mendoza,0,0,0,0,0,0
1263,Rio Mendoza,21008.814,160.928,0,0,0,0
1265,Rio Mendoza,0,27.767,0,0,0,0
1266,Rio Mendoza,0,0,0,0,0,0
1267,Rio Mendoza,0,0,0,0,0,0
1268,Rio Mendoza,0,0,0,0,0,0
1269,Rio Mendoza,0,0,0,0,0,0
1270,Rio Mendoza,0,0,0,0,0,0
1271,Rio Mendoza,0,0,0,0,0,0
1272,Rio Mendoza,0,0,0,0,0,0
1273,Rio Mendoza,0,0,0,0,0,0
1274,Rio Mendoza,0,0,0,0,0,0
1275,Rio Mendoza,0,0,0,0,0,0
1276,Rio Mendoza,0,0,0,0,0,0
1277,Rio Mendoza,289.079,16.903,0,0,0,0
1278,Rio Mendoza,0,0,0,0,0,0
1279,Rio Mendoza,0,0,0,0,0,0
1280,Rio Mendoza,0,0,0,0,0,0
1281,Rio Mendoza,0,414.893,0,0,0,0
1282,Rio Mendoza,2069.226,18.092,0,0,0,0
1283,Rio Mendoza,0,0,0,0,0,0
1284,Rio Mendoza,0,11.324,0,0,0,0
1287,Rio Mendoza,0,0,0,0,0,0
1288,Rio Mendoza,0,0,0,0,0,0
1289,Rio Mendoza,0,0,0,0,0,0
1290,Rio Mendoza,0,0,0,0,0,0
1292,Rio Mendoza,0,0,0,0,0,0
1294,Rio Mendoza,0,0,0,0,0,0
1295,Rio Mendoza,0,0,0,0,0,0
1297,Rio Mendoza,1232.256,0,0,0,0,0
1298,Rio Mendoza,0,0,0,0,0,0
1308,Rio Mendoza,0,0,0,0,0,0
1309,Rio Mendoza,0,0,0,0,0,0
1310,Rio Mendoza,707.723,0,0,0,0,0
1311,Rio Mendoza,268.794,0,0,0,0,0
1312,Rio Mendoza,91.038,0,0,0,0,0
1313,Rio Mendoza,141.659,0,0,0,0,0
1314,Rio Mendoza,0,0,0,0,0,0
1700,Rio Mendoza,556.635,0,0,0,0,0
1701,Rio Mendoza,0,93.991,0,0,0,0
1703,Rio Mendoza,0,0,0,0,0,0
1704,Rio Mendoza,848.179,0,0,0,0,0
1705,Rio Mendoza,0,0,0,0,0,0
1707,Rio Mendoza,0,0,0,0,0,0
1708,Rio Mendoza,0,0,0,0,0,0
1709,Rio Mendoza,0,0,0,0,0,0
1710,Rio Mendoza,0,0,0,0,0,0
1711,Rio Mendoza,0,0,0,0,0,0
1712,Rio Mendoza,0,0,0,0,0,0
1713,Rio Mendoza,0,0,0,0,0,0
1716,Rio Mendoza,0,0,0,0,0,0
1717,Rio Mendoza,0,0,0,0,0,0
1718,Rio Mendoza,677.101,0,0,0,0,0
1719,Rio Mendoza,1145.907,0,0,0,0,0
1720,Rio Mendoza,945.328,0,0,0,0,0
1721,Rio Mendoza,595.024,0,0,0,0,0
1722,Rio Mendoza,0,0,0,0,0,0
1723,Rio Mendoza,0,0,0,0,0,0
1735,Rio Mendoza,0,0,0,0,0,0
1736,Rio Mendoza,0,0,0,0,0,0
1738,Rio Mendoza,778.99,0,0,0,0,0
1739,Rio Mendoza,0,0,0,0,0,0
1740,Rio Mendoza,0,0,0,0,0,0
1741,Rio Mendoza,0,0,0,0,0,0
1742,Rio Mendoza,0,0,0,0,0,0
1744,Rio Mendoza,0,0,0,0,0,0
1745,Rio Mendoza,0,0,0,0,0,0
1747,Rio Mendoza,0,0,0,0,0,0
1748,Rio Mendoza,0,0,0,0,0,0
1750,Rio Mendoza,0,0,0,0,0,0
1751,Rio Mendoza,0,0,0,0,0,0
1752,Rio Mendoza,0,0,0,0,0,0
1753,Rio Mendoza,0,0,0,0,0,0
1754,Rio Mendoza,0,0,0,0,0,0
1755,Rio Mendoza,0,0,0,0,0,0
1756,Rio Mendoza,0,0,0,0,0,0
1757,Rio Mendoza,0,0,0,0,0,0
1758,Rio Mendoza,0,0,0,0,0,0
1761,Rio Mendoza,0,0,0,0,0,0
1762,Rio Mendoza,0,0,0,0,0,0
1764,Rio Mendoza,0,0,0,0,0,0
1768,Rio Mendoza,1969.849,0,0,0,0,0
1770,Rio Mendoza,414.689,0,0,0,0,0
1771,Rio Mendoza,0,0,0,0,0,0
1772,Rio Mendoza,0,0,0,0,0,0
1773,Rio Mendoza,706.4649999999999,0,0,0,0,0
1774,Rio Mendoza,0,0,0,0,0,0
1775,Rio Mendoza,0,0,0,0,0,0
1776,Rio Mendoza,0,0,0,0,0,0
1777,Rio Mendoza,0,0,0,0,0,0
1778,Rio Mendoza,0,0,0,0,0,0
1779,Rio Mendoza,0,0,0,0,0,0
1780,Rio Mendoza,566.9830000000001,0,0,0,0,0
1781,Rio Mendoza,0,0,0,0,0,0
1782,Rio Mendoza,0,0,0,0,0,0
1783,Rio Mendoza,0,0,0,0,0,0
1786,Rio Mendoza,249.728,0,0,0,0,0
1787,Rio Mendoza,0,0,0,0,0,0
1788,Rio Mendoza,0,0,0,0,0,0
1789,Rio Mendoza,0,0,0,0,0,0
1791,Rio Mendoza,0,0,0,0,0,0
1792,Rio Mendoza,76.408,0,0,0,0,0
1793,Rio Mendoza,0,0,0,0,0,0
1794,Rio Mendoza,0,0,0,0,0,0
1795,Rio Mendoza,0,0,0,0,0,0
1797,Rio Mendoza,1749.63,0,0,0,0,0
1801,Rio Mendoza,548.345,0,0,0,0,0
1804,Rio Mendoza,0,0,0,0,0,0
1805,Rio Mendoza,849.355,0,0,0,0,0
1806,Rio Mendoza,0,0,0,0,0,0
1807,Rio Mendoza,9935.713,76.238,0,0,0,0
1828,Rio Mendoza,10.794,0,0,0,0,0
1829,Rio Mendoza,1490.539,0,0,0,0,0
1830,Rio Mendoza,2051.552,0,0,0,0,0
1901,Rio Mendoza,1589.792,0,0,0,0,0
1905,Rio Mendoza,0,0,0,0,0,0
1906,Rio Mendoza,3887.371,0,0,0,0,0
1907,Rio Mendoza,303.889,0,0,0,0,0
1908,Rio Mendoza,0,0,0,0,0,0
1913,Rio Mendoza,0,0,0,0,0,0
1918,Rio Mendoza,49.432,30.525000000000002,0,0,0,0
1921,Rio Mendoza,2005.49,0,0,0,0,0
1922,Rio Mendoza,0,0,0,0,0,0
1923,Rio Mendoza,0,0,0,0,0,0
1924,Rio Mendoza,0,0,0,0,0,0
1925,Rio Mendoza,768.523,0,0,0,0,0
1926,Rio Mendoza,509.523,0,0,0,0,0
1927,Rio Mendoza,0,0,0,0,0,0
1928,Rio Mendoza,0,0,0,0,0,0
1929,Rio Mendoza,0,0,0,0,0,0
1930,Rio Mendoza,102.081,0,0,0,0,0
1931,Rio Mendoza,0,0,0,0,0,0
1932,Rio Mendoza,0,0,0,0,0,0
1933,Rio Mendoza,176.311,38.758,0,0,0,0
1934,Rio Mendoza,109.267,0,0,0,0,0
1939,Rio Mendoza,0,0,0,0,0,0
2018,Rio Tunuyan Inferior,316.571,3.51,0,0,0,6016.907
2022,Rio Tunuyan Inferior,17372.468,2592.8700000000003,0,0,0,4253.33
2023,Rio Tunuyan Inferior,4100.4220000000005,13.311,0,0,0,199.983
2024,Rio Tunuyan Inferior,67.326,130.074,0,0,0,1090.011
2027,Rio Tunuyan Inferior,1009.5350000000001,41.249,0,0,0,1971.821
2028,Rio Tunuyan Inferior,0,119.56,0,0,0,1326.079
2029,Rio Tunuyan Inferior,74.374,0,0,0,0,972.088
2030,Rio Tunuyan Inferior,489.03499999999997,0,0,0,0,2099.855
2031,Rio Tunuyan Inferior,187.91400000000002,0,0,0,0,1149.761
2032,Rio Tunuyan Inferior,105.09700000000001,0,29.827,0,0,1253.584
2033,Rio Tunuyan Inferior,10.355,0,0,0,0,53.31100000000001
2034,Rio Tunuyan Inferior,23.875,0,0,0,0,3367.747
2035,Rio Tunuyan Inferior,56.185,0,0,0,0,2312.394
2036,Rio Tunuyan Inferior,27.951,0,0,0,0,2759.6749999999997
2037,Rio Tunuyan Inferior,16.237,0,0,0,0,4871.897
2038,Rio Tunuyan Inferior,14.306,0,0,0,0,2774.719
2039,Rio Tunuyan Inferior,38.667,0,0,0,0,3059.525
2040,Rio Tunuyan Inferior,534.246,0,0,0,0,6988.496
2041,Rio Tunuyan Inferior,0,0,0,0,0,3605.3360000000002
2042,Rio Tunuyan Inferior,19.522,0,0,0,0,3171.925
2043,Rio Tunuyan Inferior,103.984,0,0,0,0,5984.1810000000005
2044,Rio Tunuyan Inferior,0,0,0,0,0,3257.993
2045,Rio Tunuyan Inferior,708.609,0,0,0,0,6486.705
2046,Rio Tunuyan Inferior,0,0,0,0,0,2493.177
2049,Rio Tunuyan Inferior,0,0,0,0,0,1155.043
2050,Rio Tunuyan Inferior,648.945,0,0,0,0,20593.897
2051,Rio Tunuyan Inferior,0,0,0,0,0,4488.986
2052,Rio Tunuyan Inferior,0,0,0,0,0,4834.0289999999995
2053,Rio Tunuyan Inferior,202.356,0,0,0,0,3486.508
2054,Rio Tunuyan Inferior,0,0,0,0,0,6894.514
2055,Rio Tunuyan Inferior,0,0,0,0,0,6951.4130000000005
2057,Rio Tunuyan Inferior,3553.8909999999996,840.934,0,0,0,8771.554
2058,Rio Tunuyan Inferior,1200.985,13.514,0,0,0,7991.586
2059,Rio Tunuyan Inferior,22.338,0,0,0,0,1694.16
2060,Rio Tunuyan Inferior,554.931,6.439,0,0,0,3512.006
2062,Rio Tunuyan Inferior,56.706,0,0,0,0,4416.93
2063,Rio Tunuyan Inferior,63.492999999999995,12.689,0,0,0,916.861
2064,Rio Tunuyan Inferior,159.303,0,0,0,0,836.838
2065,Rio Tunuyan Inferior,0,0,0,0,0,2206.095
2066,Rio Tunuyan Inferior,613.305,12.668,0,0,0,2284.203
2067,Rio Tunuyan Inferior,0,0,0,0,0,5078.457
2068,Rio Tunuyan Inferior,0,0,0,0,0,3802.501
2069,Rio Tunuyan Inferior,249.702,0,0,0,0,2593.489
2070,Rio Tunuyan Inferior,0,0,0,0,0,72.97800000000001
2071,Rio Tunuyan Inferior,10.843,0,0,0,0,559.057
2072,Rio Tunuyan Inferior,0,0,0,0,0,6070.641
2073,Rio Tunuyan Inferior,0,0,0,0,0,2394.163
2074,Rio Tunuyan Inferior,50.971,0,0,0,0,2854.5
2075,Rio Tunuyan Inferior,0,0,0,0,0,6331.55
2076,Rio Tunuyan Inferior,0,0,0,0,0,714.014
2077,Rio Tunuyan Inferior,246.894,0,0,0,0,2328.7999999999997
2080,Rio Tunuyan Inferior,24234.025999999998,145.895,0,0,0,77777.225
2081,Rio Tunuyan Inferior,1863.309,33.93,0,0,0,9954.36
2082,Rio Tunuyan Inferior,4790.278,0,0,0,0,25925.39
2083,Rio Tunuyan Inferior,239.23999999999998,17.249,0,0,0,15768.779
2084,Rio Tunuyan Inferior,427.255,0,0,0,0,12507.862
2085,Rio Tunuyan Inferior,236.803,0,0,0,0,6753.447
2086,Rio Tunuyan Inferior,1011.944,585.776,0,0,0,11795.412
2089,Rio Tunuyan Inferior,0,0,0,0,0,453.83
2090,Rio Tunuyan Inferior,0,0,0,0,0,1947.709
2091,Rio Tunuyan Inferior,0,0,0,0,0,328.872
2092,Rio Tunuyan Inferior,0,0,0,0,0,28.029
2093,Rio Tunuyan Inferior,0,0,0,0,0,1135.911
2094,Rio Tunuyan Inferior,0,0,0,0,0,564.126
2095,Rio Tunuyan Inferior,0,0,0,0,0,660.667
2097,Rio Tunuyan Inferior,0,0,0,0,0,500.955
2098,Rio Tunuyan Inferior,579.843,54.083,0,0,0,1040.5149999999999
2099,Rio Tunuyan Inferior,0,0,0,0,0,1174.82
2100,Rio Tunuyan Inferior,0,0,0,0,0,1305.759
2105,Rio Tunuyan Inferior,0,0,0,0,0,151.14100000000002
2106,Rio Tunuyan Inferior,0,0,0,0,0,1799.189
2107,Rio Tunuyan Inferior,0,0,0,0,0,552.562
2108,Rio Tunuyan Inferior,0,0,0,0,0,317.644
2112,Rio Tunuyan Inferior,0,0,0,0,0,381.813
2113,Rio Tunuyan Inferior,0,0,0,0,0,875.476
2114,Rio Tunuyan Inferior,0,0,0,0,0,925.284
2115,Rio Tunuyan Inferior,0,0,0,0,0,1112.952
2116,Rio Tunuyan Inferior,0,0,0,0,0,758.323
2117,Rio Tunuyan Inferior,0,0,0,0,0,503.44
2123,Rio Tunuyan Inferior,8753.195,5402.855,0,0,0,4020.517
2124,Rio Tunuyan Inferior,1959.702,80.059,0,0,0,30532.863
2125,Rio Tunuyan Inferior,425.394,0,0,0,0,15044.15
2126,Rio Tunuyan Inferior,0,0,0,0,0,4008.131
2127,Rio Tunuyan Inferior,28.897,0,0,0,0,3941.615
2128,Rio Tunuyan Inferior,8.555,0,0,0,0,10036.71
2130,Rio Tunuyan Inferior,1174.583,25.945,0,0,0,18602.092
2131,Rio Tunuyan Inferior,2147.1240000000003,60.013000000000005,0,0,0,16461.465
2132,Rio Tunuyan Inferior,0,0,0,0,0,4920.691
2133,Rio Tunuyan Inferior,0,0,0,0,0,5939.31
2135,Rio Tunuyan Inferior,68.775,0,0,0,0,6194.826
2137,Rio Tunuyan Inferior,7377.237,200.641,57.806,0,0,34500.649
2138,Rio Tunuyan Inferior,0,0,0,0,0,3830.381
2139,Rio Tunuyan Inferior,0,0,0,0,0,3904.87
2140,Rio Tunuyan Inferior,145.982,0,0,0,0,22238.657
2141,Rio Tunuyan Inferior,951.2479999999999,0,0,0,0,6616.832
2142,Rio Tunuyan Inferior,0,0,0,0,0,1365.443
2143,Rio Tunuyan Inferior,0,0,0,0,0,1002.446
2144,Rio Tunuyan Inferior,0,0,0,0,0,2474.392
2148,Rio Tunuyan Inferior,2.891,20.512,0,0,0,16809.995
2149,Rio Tunuyan Inferior,0,0,0,0,0,3618.2380000000003
2150,Rio Tunuyan Inferior,0,0,0,0,0,196.192
2151,Rio Tunuyan Inferior,84.331,0,0,0,0,276.601
2152,Rio Tunuyan Inferior,0,0,0,0,0,1151.398
2153,Rio Tunuyan Inferior,0,0,0,0,0,2312.756
2154,Rio Tunuyan Inferior,0,0,0,0,0,987.654
2155,Rio Tunuyan Inferior,0,0,0,0,0,834.235
2158,Rio Tunuyan Inferior,0,0,0,0,0,2304.162
2159,Rio Tunuyan Inferior,0,0,0,0,0,514.977
2161,Rio Tunuyan Inferior,0,0,0,0,0,1952.6200000000001
2162,Rio Tunuyan Inferior,0,0,0,0,0,6731.3769999999995
2164,Rio Tunuyan Inferior,0,0,0,0,0,1306.365
2165,Rio Tunuyan Inferior,0,0,0,0,0,5708.689
2166,Rio Tunuyan Inferior,0,0,0,0,0,3441.842
2167,Rio Tunuyan Inferior,0,0,0,0,0,2122.085
2168,Rio Tunuyan Inferior,77.545,0,0,0,0,5142.679
2170,Rio Tunuyan Inferior,0,0,0,0,0,4554.414
2172,Rio Tunuyan Inferior,0,0,0,0,0,3305.263
2173,Rio Tunuyan Inferior,0,0,0,0,0,9452.12
2174,Rio Tunuyan Inferior,0,0,0,0,0,19.693
2175,Rio Tunuyan Inferior,0,0,0,0,0,9174.946
2176,Rio Tunuyan Inferior,0,0,0,0,0,29.47
2178,Rio Tunuyan Inferior,0,0,0,0,0,5378.455
2179,Rio Tunuyan Inferior,0,0,0,0,0,15110.713
2183,Rio Tunuyan Inferior,11230.057999999999,3068.0899999999997,32.51,0,0,16086.284
2184,Rio Tunuyan Inferior,1430.588,0,0,0,0,24968.952
2185,Rio Tunuyan Inferior,0,0,0,0,0,22504.879
2187,Rio Tunuyan Inferior,5324.3910000000005,13.868,0,0,0,15235.82
2190,Rio Tunuyan Inferior,2770.397,8.697,0,0,0,3456.77
2192,Rio Tunuyan Inferior,1597.47,0,0,0,0,19971.165
2193,Rio Tunuyan Inferior,0,433.944,0,0,0,0
2194,Rio Tunuyan Inferior,0,3751.951,0,0,0,11606.048999999999
2195,Rio Tunuyan Inferior,6365.029,290.192,627.412,0,0,7282.633
2197,Rio Tunuyan Inferior,958.548,0,0,0,0,16084.677
2198,Rio Tunuyan Inferior,0,0,0,0,0,608.429
2199,Rio Tunuyan Inferior,516.266,0,0,0,0,3740.496
2200,Rio Tunuyan Inferior,2309.421,0,0,0,0,4618.842
2201,Rio Tunuyan Inferior,88.99199999999999,0,0,0,0,2700.652
2202,Rio Tunuyan Inferior,0,0,0,0,0,6100.836
2203,Rio Tunuyan Inferior,0,0,0,0,0,2940.929
2204,Rio Tunuyan Inferior,0,0,0,0,0,5870.829
2205,Rio Tunuyan Inferior,0,0,0,0,0,7833.4
2206,Rio Tunuyan Inferior,0,0,0,0,0,3894.4139999999998
2207,Rio Tunuyan Inferior,4.968999999999999,0,0,0,0,4578.375
2208,Rio Tunuyan Inferior,0,0,0,0,0,463.839
2209,Rio Tunuyan Inferior,0,638.963,0,0,0,6719.045
2210,Rio Tunuyan Inferior,0,0,0,0,0,676.304
2211,Rio Tunuyan Inferior,0,0,0,0,0,424.85
2212,Rio Tunuyan Inferior,349.369,0,0,0,0,8927.569
2213,Rio Tunuyan Inferior,0,0,0,0,0,215.63
2214,Rio Tunuyan Inferior,0,17.506,0,0,0,10298.63
2215,Rio Tunuyan Inferior,0,0,0,0,0,3920.221
2217,Rio Tunuyan Inferior,0,0,0,0,0,4531.4169999999995
2220,Rio Tunuyan Inferior,0,0,0,0,0,8556.644
2221,Rio Tunuyan Inferior,327.147,0,0,0,0,5346.745
2222,Rio Tunuyan Inferior,0.599,0,0,0,0,9210.513
2223,Rio Tunuyan Inferior,836.094,0,0,0,0,10974.068
2224,Rio Tunuyan Inferior,51.444,0,0,0,0,4684.378
2225,Rio Tunuyan Inferior,1014.523,0,0,0,0,27268.828
2226,Rio Tunuyan Inferior,0,0,0,0,0,9178.715
2227,Rio Tunuyan Inferior,0,0,0,0,0,5509.099
2228,Rio Tunuyan Inferior,0,0,0,0,0,6201.271
2230,Rio Tunuyan Inferior,0,0,0,0,0,5938.414
2231,Rio Tunuyan Inferior,0,0,0,0,0,3197.14
2232,Rio Tunuyan Inferior,0,0,0,0,0,1331.232
2233,Rio Tunuyan Inferior,0,0,0,0,0,2790.906
2234,Rio Tunuyan Inferior,75.951,0,0,0,0,23882.325
2235,Rio Tunuyan Inferior,0,0,0,0,0,6544.097
2236,Rio Tunuyan Inferior,3029.736,28.163,0,0,0,4990.837
2237,Rio Tunuyan Inferior,761.092,0,0,0,0,14113.592
2238,Rio Tunuyan Inferior,0,0,0,0,0,4582.113
2240,Rio Tunuyan Inferior,61.887,0,0,0,0,6132.564
2241,Rio Tunuyan Inferior,920.732,0,0,0,0,23351.45
2245,Rio Tunuyan Inferior,46.212,0,0,0,0,7503.993
2246,Rio Tunuyan Inferior,0,0,0,0,0,463.99
2247,Rio Tunuyan Inferior,0,0,0,0,0,557.051
2248,Rio Tunuyan Inferior,1044.972,0,0,0,0,12533.438
2249,Rio Tunuyan Inferior,0,0,0,0,0,516.6080000000001
2250,Rio Tunuyan Inferior,0,0,0,0,0,2793.941
2251,Rio Tunuyan Inferior,0,0,0,0,0,3052.948
2252,Rio Tunuyan Inferior,0,0,0,0,0,4502.715
2253,Rio Tunuyan Inferior,0,0,0,0,0,1403.321
2254,Rio Tunuyan Inferior,0,0,0,0,0,4660.347
2255,Rio Tunuyan Inferior,0,0,0,0,0,3930.017
2256,Rio Tunuyan Inferior,0,0,0,0,0,6819.679
2257,Rio Tunuyan Inferior,0,0,0,0,0,966.088
2258,Rio Tunuyan Inferior,0,0,0,0,0,4471.027
2259,Rio Tunuyan Inferior,0,0,0,0,0,3089.332
2260,Rio Tunuyan Inferior,640.734,0,0,0,0,2532.587
2261,Rio Tunuyan Inferior,0,0,0,0,0,4015.377
2262,Rio Tunuyan Inferior,0,0,0,0,0,1966.547
2263,Rio Tunuyan Inferior,0,0,0,0,0,3515.815
2264,Rio Tunuyan Inferior,0,0,0,0,0,3099.477
2265,Rio Tunuyan Inferior,0,0,0,0,0,3949.446
2266,Rio Tunuyan Inferior,0,0,0,0,0,2961.738
2271,Rio Tunuyan Inferior,0,1082.53,0,0,0,23384.016
2274,Rio Tunuyan Inferior,0,0,0,0,0,6571.059
2278,Rio Tunuyan Inferior,0,0,0,0,0,6513.224
2279,Rio Tunuyan Inferior,183.84300000000002,0,0,0,0,5580.06
2280,Rio Tunuyan Inferior,0,0,0,0,0,3161.087
2281,Rio Tunuyan Inferior,0,0,0,0,0,8202.581
2282,Rio Tunuyan Inferior,0,0,0,0,0,1653.846
2283,Rio Tunuyan Inferior,0,0,0,0,0,283.961
2284,Rio Tunuyan Inferior,211.667,0,0,0,0,2725.313
2285,Rio Tunuyan Inferior,0,0,0,0,0,1489.005
2286,Rio Tunuyan Inferior,68.865,0,0,0,0,3224.553
2287,Rio Tunuyan Inferior,0,0,0,0,0,5268.335
2288,Rio Tunuyan Inferior,0,0,0,0,0,6389.994
2289,Rio Tunuyan Inferior,0,0,0,0,0,5282.802
2290,Rio Tunuyan Inferior,0,0,0,0,0,1747.002
2291,Rio Tunuyan Inferior,0,0,0,0,0,2537.813
2292,Rio Tunuyan Inferior,0,0,0,0,0,441.892
2293,Rio Tunuyan Inferior,0,0,0,0,0,1072.382
2294,Rio Tunuyan Inferior,0,0,0,0,0,3260.024
2295,Rio Tunuyan Inferior,0,0,0,0,0,2735.098
2296,Rio Tunuyan Inferior,0,0,0,0,0,1906.176
2297,Rio Tunuyan Inferior,0,0,0,0,0,4603.575
2298,Rio Tunuyan Inferior,0,0,0,0,0,696.699
2299,Rio Tunuyan Inferior,0,0,0,0,0,5221.447
2300,Rio Tunuyan Inferior,0,0,0,0,0,3107.6749999999997
2301,Rio Tunuyan Inferior,0,0,0,0,0,3846.777
2302,Rio Tunuyan Inferior,0,0,0,0,0,3388.48
2303,Rio Tunuyan Inferior,0,0,0,0,0,6236.866
2304,Rio Tunuyan Inferior,0,0,0,0,0,4657.24
2305,Rio Tunuyan Inferior,0,0,0,0,0,6.977
2306,Rio Tunuyan Inferior,0,0,0,0,0,3345.517
2307,Rio Tunuyan Inferior,0,0,0,0,0,2533.794
2308,Rio Tunuyan Inferior,279.32,0,0,0,0,3842.424
2310,Rio Tunuyan Inferior,0,0,0,0,0,2240.627
2311,Rio Tunuyan Inferior,7506.897,0,0,0,0,11186.691
2312,Rio Tunuyan Inferior,3661.0499999999997,39.331,0,0,0,29996.118
2313,Rio Tunuyan Inferior,211.563,0,0,0,0,1878.055
2314,Rio Tunuyan Inferior,184.399,41.427,0,0,0,0
2315,Rio Tunuyan Inferior,2194.986,19.042,0,0,0,8724.081
2316,Rio Tunuyan Inferior,1455.76,36.115,0,0,0,3495.654
2317,Rio Tunuyan Inferior,0,0,0,0,0,1531.192
2318,Rio Tunuyan Inferior,1513.857,0,0,0,0,28285.645
2320,Rio Tunuyan Inferior,7.773,0,0,0,0,1173.661
2322,Rio Tunuyan Inferior,0,0,0,0,0,5052.225
2323,Rio Tunuyan Inferior,29.261,0,0,0,0,1633.233
2325,Rio Tunuyan Inferior,0,0,0,0,0,1696.369
2326,Rio Tunuyan Inferior,0,0,0,0,0,1277.701
2327,Rio Tunuyan Inferior,231.148,0,0,0,0,4269.642
2328,Rio Tunuyan Inferior,0,3.179,0,0,0,15536.937
2329,Rio Tunuyan Inferior,0,0,0,0,0,1087.698
2330,Rio Tunuyan Inferior,0,0,0,0,0,125.14
2331,Rio Tunuyan Inferior,0,0,0,0,0,3045.134
2332,Rio Tunuyan Inferior,0,0,0,0,0,3495.764
2333,Rio Tunuyan Inferior,0,0,0,0,0,6106.479
2334,Rio Tunuyan Inferior,141.703,0,0,0,0,5805.481
2335,Rio Tunuyan Inferior,0,0,0,0,0,922.025
2336,Rio Tunuyan Inferior,0,0,0,0,0,3129.7309999999998
2337,Rio Tunuyan Inferior,44.007,0,0,0,0,3219.732
2338,Rio Tunuyan Inferior,0,0,0,0,0,3695.526
2339,Rio Tunuyan Inferior,279.162,0,0,0,0,6148.035
2340,Rio Tunuyan Inferior,0,0,0,0,0,4863.995
2341,Rio Tunuyan Inferior,261.351,0,0,0,0,7867.835
2342,Rio Tunuyan Inferior,79.128,0,0,0,0,3080.976
2343,Rio Tunuyan Inferior,0,0,0,0,0,3111.457
2345,Rio Tunuyan Inferior,0,0,0,0,0,3629.812
2346,Rio Tunuyan Inferior,0,0,0,0,0,3134.6820000000002
2347,Rio Tunuyan Inferior,127.289,0,0,0,0,2349.117
2348,Rio Tunuyan Inferior,144.013,0,0,0,0,2850.185
2349,Rio Tunuyan Inferior,25.596,0,0,0,0,2944.701
2350,Rio Tunuyan Inferior,183.356,0,0,0,0,3156.588
2351,Rio Tunuyan Inferior,0,0,0,0,0,3561.051
2352,Rio Tunuyan Inferior,0,0,0,0,0,1930.932
2354,Rio Tunuyan Inferior,0,0,0,0,0,2606.756
2356,Rio Tunuyan Inferior,0,0,0,0,0,4524.148
2357,Rio Tunuyan Inferior,0,0,0,0,0,12519.774
2359,Rio Tunuyan Inferior,2621.9280000000003,0,0,0,0,16829.073
2360,Rio Tunuyan Inferior,0,0,0,0,0,2580.666
2361,Rio Tunuyan Inferior,2516.502,0,0,0,0,11804.905999999999
2362,Rio Tunuyan Inferior,283.315,0,0,0,0,7917.524
2364,Rio Tunuyan Inferior,764.304,14.017,0,0,0,15951.009
2365,Rio Tunuyan Inferior,0,0,0,0,0,1809.026
2367,Rio Tunuyan Inferior,0,0,0,0,0,88.57300000000001
2368,Rio Tunuyan Inferior,0,0,0,0,0,285.324
2369,Rio Tunuyan Inferior,453.265,0,0,0,0,1856.907
2370,Rio Tunuyan Inferior,280.88,14.282,0,0,0,1966.532
2371,Rio Tunuyan Inferior,0,0,0,0,0,6485.16
2372,Rio Tunuyan Inferior,298.106,17.488,0,0,0,2606.815
2373,Rio Tunuyan Inferior,0,0,0,0,0,2232.089
2374,Rio Tunuyan Inferior,0,0,0,0,0,3333.4919999999997
2375,Rio Tunuyan Inferior,0,0,0,0,0,2181.772
2376,Rio Tunuyan Inferior,0,0,0,0,0,3219.881
2377,Rio Tunuyan Inferior,88.982,0,0,0,0,2957.215
2378,Rio Tunuyan Inferior,115.399,0,0,0,0,4728.885
2379,Rio Tunuyan Inferior,0,0,0,0,0,289.37
2380,Rio Tunuyan Inferior,0,0,0,0,0,1896.8419999999999
2381,Rio Tunuyan Inferior,0,0,0,0,0,1770.548
2382,Rio Tunuyan Inferior,0,0,0,0,0,2047.4
2383,Rio Tunuyan Inferior,0,0,0,0,0,2225.546
2384,Rio Tunuyan Inferior,0,0,0,0,0,2203.065
2385,Rio Tunuyan Inferior,252.54,0,0,0,0,2718.436
2386,Rio Tunuyan Inferior,0,0,0,0,0,2509.818
2387,Rio Tunuyan Inferior,0,0,0,0,0,2551.342
2388,Rio Tunuyan Inferior,0,0,0,0,0,1939.788
2389,Rio Tunuyan Inferior,0,0,0,0,0,2637.513
2390,Rio Tunuyan Inferior,0,0,0,0,0,8509.474
2391,Rio Tunuyan Inferior,30654.158000000003,3945.379,43.94,0,0,29.619
2394,Rio Tunuyan Inferior,1137.043,17.169,0,0,0,0
2395,Rio Tunuyan Inferior,3475.2870000000003,65.249,0,0,0,0
2396,Rio Tunuyan Inferior,19362.366,4267.992,15.523,0,0,0
2397,Rio Tunuyan Inferior,1148.9630000000002,798.761,0,0,0,12746.507
2398,Rio Tunuyan Inferior,0,0,0,0,0,392.169
2399,Rio Tunuyan Inferior,820.185,0,0,0,0,1843.017
2400,Rio Tunuyan Inferior,2773.756,0,0,0,0,7366.166
2402,Rio Tunuyan Inferior,0,0,0,0,0,3394.373
2403,Rio Tunuyan Inferior,0,0,0,0,0,2407.471
2404,Rio Tunuyan Inferior,0,0,0,0,0,3940.589
2405,Rio Tunuyan Inferior,0,0,0,0,0,908.129
2407,Rio Tunuyan Inferior,0,277.424,0,0,0,8129.103
2408,Rio Tunuyan Inferior,0,0,0,0,0,3519.414
2412,Rio Tunuyan Inferior,522.328,0,0,0,0,5719.453
2413,Rio Tunuyan Inferior,121.781,0,0,0,0,5744.455
2415,Rio Tunuyan Inferior,0,0,0,0,0,1655.601
2417,Rio Tunuyan Inferior,336.463,0,0,0,0,905.101
2418,Rio Tunuyan Inferior,0,0,0,0,0,808.601
2419,Rio Tunuyan Inferior,190.702,0,0,0,0,867.168
2420,Rio Tunuyan Inferior,0,0,0,0,0,903.993
2421,Rio Tunuyan Inferior,0,0,0,0,0,455.239
2423,Rio Tunuyan Inferior,0,0,0,0,0,6356.653
2424,Rio Tunuyan Inferior,276.918,0,0,0,0,1379.6000000000001
2425,Rio Tunuyan Inferior,2280.315,0,0,0,0,12187.694
2426,Rio Tunuyan Inferior,1250.1970000000001,0,0,0,0,5009.612
2427,Rio Tunuyan Inferior,0,0,0,0,0,648.059
2431,Rio Tunuyan Inferior,20212.145,270.225,0,0,0,1878.0140000000001
2432,Rio Tunuyan Inferior,1514.294,1095.107,0,0,0,13177.749
2433,Rio Tunuyan Inferior,0,0,0,0,0,5915.753
2434,Rio Tunuyan Inferior,6.45,22.977,0,0,0,16315.03
2435,Rio Tunuyan Inferior,0,0,0,0,0,12046.368
2436,Rio Tunuyan Inferior,0,0,0,0,0,1147.222
2437,Rio Tunuyan Inferior,0,0,0,0,0,9098.518
2438,Rio Tunuyan Inferior,0,0,0,0,0,13268.034
2439,Rio Tunuyan Inferior,0,0,0,0,0,4826.303
2441,Rio Tunuyan Inferior,1730.319,32.116,0,0,0,3647.316
2442,Rio Tunuyan Inferior,1.499,9.06,0,0,0,10118.655
2444,Rio Tunuyan Inferior,43.724000000000004,45.935,0,0,0,1787.419
2447,Rio Tunuyan Inferior,43.81,0,0,0,0,43.81
2448,Rio Tunuyan Inferior,0,0,0,0,0,286.821
2451,Rio Tunuyan Inferior,291.958,0,0,0,0,2728.752
2452,Rio Tunuyan Inferior,0,0,0,0,0,367.449
2453,Rio Tunuyan Inferior,0,0,0,0,0,1857.985
2454,Rio Tunuyan Inferior,0,0,0,0,0,1971.256
2456,Rio Tunuyan Inferior,0,0,0,0,0,1866.29
2457,Rio Tunuyan Inferior,20.928,0,0,0,0,725.784
2458,Rio Tunuyan Inferior,0,0,0,0,0,3479.619
2460,Rio Tunuyan Inferior,0,0,0,0,0,383.94
2463,Rio Tunuyan Inferior,0,0,0,0,0,946.777
2464,Rio Tunuyan Inferior,0,0,0,0,0,1587.323
2465,Rio Tunuyan Inferior,0,0,0,0,0,588.181
2466,Rio Tunuyan Inferior,0,0,0,0,0,24.668
2467,Rio Tunuyan Inferior,0,0,0,0,0,1111.4
2468,Rio Tunuyan Inferior,66.473,0,0,0,0,2053.764
2469,Rio Tunuyan Inferior,2570.18,24.777,0,0,0,2594.957
2470,Rio Tunuyan Inferior,54.211,25.309,0,0,0,1671.385
2471,Rio Tunuyan Inferior,0,0,0,0,0,1714.809
2472,Rio Tunuyan Inferior,0,0,0,0,0,1210.621
2473,Rio Tunuyan Inferior,0,0,0,0,0,2297.75
2474,Rio Tunuyan Inferior,0,0,0,0,0,1058.019
2475,Rio Tunuyan Inferior,0,0,0,0,0,1562.2930000000001
2476,Rio Tunuyan Inferior,0,0,0,0,0,1976.883
2477,Rio Tunuyan Inferior,0,0,0,0,0,1142.809
2478,Rio Tunuyan Inferior,0,0,0,0,0,1607.678
2479,Rio Tunuyan Inferior,0,0,0,0,0,838.475
2480,Rio Tunuyan Inferior,0,0,0,0,0,2079.931
2481,Rio Tunuyan Inferior,2.597,0,0,0,0,22.141000000000002
2483,Rio Tunuyan Inferior,0,0,0,0,0,3925.772
2484,Rio Tunuyan Inferior,7.365,14.261,0,0,0,21.625999999999998
2485,Rio Tunuyan Inferior,0,0,0,0,0,378.77799999999996
2487,Rio Tunuyan Inferior,0,0,0,0,0,362.624
2488,Rio Tunuyan Inferior,0,0,0,0,0,1490.464
2490,Rio Tunuyan Inferior,1029.835,31.474,0,0,0,13423.656
2491,Rio Tunuyan Inferior,0,0,0,0,0,2024.914
2492,Rio Tunuyan Inferior,0,0,0,0,0,2645.507
2493,Rio Tunuyan Inferior,0,0,0,0,0,200.571
2494,Rio Tunuyan Inferior,0,0,0,0,0,550.077
2495,Rio Tunuyan Inferior,0,0,0,0,0,1755.881
2497,Rio Tunuyan Inferior,0,0,0,0,0,2151.708
2498,Rio Tunuyan Inferior,0,0,0,0,0,736.896
2502,Rio Tunuyan Inferior,0,0,0,0,0,4246.029
2503,Rio Tunuyan Inferior,0,0,0,0,0,2.952
2504,Rio Tunuyan Inferior,0,0,0,0,0,2764.61
2506,Rio Tunuyan Inferior,0,0,0,0,0,604.943
2507,Rio Tunuyan Inferior,0,0,0,0,0,265.43100000000004
2508,Rio Tunuyan Inferior,0,0,0,0,0,1139.9
2509,Rio Tunuyan Inferior,0,0,0,0,0,807.98
2510,Rio Tunuyan Inferior,0,0,0,0,0,2134.854
2511,Rio Tunuyan Inferior,0,0,0,0,0,1640.062
2512,Rio Tunuyan Inferior,0,0,0,0,0,1107.4279999999999
2513,Rio Tunuyan Inferior,520.905,0,0,0,0,520.905
2514,Rio Tunuyan Inferior,0,0,0,0,0,4460.526
2516,Rio Tunuyan Inferior,0,0,0,0,0,2055.231
2517,Rio Tunuyan Inferior,0,0,0,0,0,2485.267
2519,Rio Tunuyan Inferior,77.615,13.404,0,0,0,2000.27
2520,Rio Tunuyan Inferior,0,0,0,0,0,499.319
2521,Rio Tunuyan Inferior,0,0,0,0,0,3032.672
2522,Rio Tunuyan Inferior,0,0,0,0,0,2021.775
2523,Rio Tunuyan Inferior,0,0,0,0,0,1292.776
2525,Rio Tunuyan Inferior,0,0,0,0,0,706.54
2526,Rio Tunuyan Inferior,0,0,0,0,0,2654.306
2527,Rio Tunuyan Inferior,588.08,19.271,1.329,0,0,10461.852
2528,Rio Tunuyan Inferior,0,0,0,0,0,2305.8070000000002
2529,Rio Tunuyan Inferior,536.519,40.974,0,0,0,1299.042
2530,Rio Tunuyan Inferior,2026.698,40.378,0,0,0,2217.096
2531,Rio Tunuyan Inferior,0,0,0,0,0,567.885
2533,Rio Tunuyan Inferior,371.471,0,0,0,0,27865.22
2534,Rio Tunuyan Inferior,0,0,0,0,0,8367.36
2535,Rio Tunuyan Inferior,0,0,0,0,0,1474.8310000000001
2536,Rio Tunuyan Inferior,434.761,9.168,0,0,0,1118.626
2537,Rio Tunuyan Inferior,0,0,0,0,0,5270.741
2538,Rio Tunuyan Inferior,0,0,0,0,0,3350.396
2539,Rio Tunuyan Inferior,0,0,0,0,0,4450.164
2540,Rio Tunuyan Inferior,0,0,0,0,0,7492.251
2542,Rio Tunuyan Inferior,0,0,0,0,0,7247.586
2543,Rio Tunuyan Inferior,0,0,0,0,0,2076.623
2544,Rio Tunuyan Inferior,0,0,0,0,0,1410.647
2545,Rio Tunuyan Inferior,0,0,0,0,0,3108.125
2546,Rio Tunuyan Inferior,0,0,0,0,0,2644.47
2547,Rio Tunuyan Inferior,1407.317,270.571,0,0,0,2206.584
2548,Rio Tunuyan Inferior,224.912,0,0,0,0,1297.5240000000001
2549,Rio Tunuyan Inferior,0,0,0,0,0,1106.625
2550,Rio Tunuyan Inferior,0,0,0,0,0,26.022
2551,Rio Tunuyan Inferior,0,0,0,0,0,3.717
2552,Rio Tunuyan Inferior,466.327,0,0,0,0,2699.26
2553,Rio Tunuyan Inferior,0,0,0,0,0,1750.072
2554,Rio Tunuyan Inferior,0,0,0,0,0,2778.906
2556,Rio Tunuyan Inferior,0,0,0,0,0,3982.774
2557,Rio Tunuyan Inferior,0,0,0,0,0,2178.754
2558,Rio Tunuyan Inferior,26.819000000000003,22704.47,0,0,0,75376.177
2559,Rio Tunuyan Inferior,122.533,0,0,0,0,2149.587
2562,Rio Tunuyan Inferior,2187.129,3357.994,0,0,0,28172.396
2563,Rio Tunuyan Inferior,1312.452,274.209,0,0,0,12060.816
2564,Rio Tunuyan Inferior,0,0,0,0,0,16928.648
2566,Rio Tunuyan Inferior,0,0,0,0,0,5919.228
2568,Rio Tunuyan Inferior,0,0,0,0,0,7051.903
2569,Rio Tunuyan Inferior,0,0,0,0,0,270.211
2570,Rio Tunuyan Inferior,0,0,0,0,0,2922.255
2571,Rio Tunuyan Inferior,0,0,0,0,0,2109.025
2577,Rio Tunuyan Inferior,0,0,755.285,0,0,3755.922
2578,Rio Tunuyan Inferior,0,0,0,0,0,996.212
2579,Rio Tunuyan Inferior,0,0,0,0,0,1710.865
2580,Rio Tunuyan Inferior,0,0,0,0,0,2035.243
2581,Rio Tunuyan Inferior,586.609,0,0,0,0,1687.578
2582,Rio Tunuyan Inferior,0,0,0,0,0,1025.277
2583,Rio Tunuyan Inferior,0,0,0,0,0,2321.055
2584,Rio Tunuyan Inferior,0,0,0,0,0,610.558
2585,Rio Tunuyan Inferior,0,0,0,0,0,1761.924
2586,Rio Tunuyan Inferior,0,0,0,0,0,1257.484
2588,Rio Tunuyan Inferior,0,0,0,0,0,1197.68
2589,Rio Tunuyan Inferior,2136.176,172.63600000000002,0,0,0,20733.199
2590,Rio Tunuyan Inferior,0,0,0,0,0,967.175
2591,Rio Tunuyan Inferior,4.691,0,0,0,0,13879.109
2592,Rio Tunuyan Inferior,0,0,0,0,0,824.364
2593,Rio Tunuyan Inferior,56.446999999999996,0,0,0,0,7245.047
2594,Rio Tunuyan Inferior,0,0,0,0,0,1109.491
2595,Rio Tunuyan Inferior,0,0,0,0,0,10269.148
2596,Rio Tunuyan Inferior,1994.511,47.520999999999994,0,0,0,9768.783
2598,Rio Tunuyan Inferior,0,0,0,0,0,1363.992
2599,Rio Tunuyan Inferior,7476.99,257.178,0,0,0,23396.391
2600,Rio Tunuyan Inferior,1792.856,0,0,0,0,9130.088
2608,Rio Tunuyan Inferior,3667.618,90.585,0,0,0,0
2609,Rio Tunuyan Inferior,0,0,0,0,0,1571.383
2612,Rio Tunuyan Inferior,97.767,0,0,0,0,195.534
2613,Rio Tunuyan Inferior,13.81,0,0,0,0,13.81
2615,Rio Tunuyan Inferior,0,0,0,0,0,3197.178
2616,Rio Tunuyan Inferior,5.899,708.0319999999999,0,0,0,713.9309999999999
2619,Rio Tunuyan Inferior,336.089,0,0,0,0,9400.369
2620,Rio Tunuyan Inferior,0,0,0,0,0,4117.724
2622,Rio Tunuyan Inferior,742.659,250.988,0,0,0,20075.846
2623,Rio Tunuyan Inferior,23522.481,389.181,0,0,0,32785.895
2624,Rio Tunuyan Inferior,3121.632,0,0,0,0,3121.632
2625,Rio Tunuyan Inferior,4005.018,0,0,0,0,4005.018
2626,Rio Tunuyan Inferior,4582.434,0,0,0,0,4582.434
2627,Rio Tunuyan Inferior,5373.587,0,0,0,0,5724.419
2628,Rio Tunuyan Inferior,3554.1730000000002,0,0,0,0,3554.1730000000002
2629,Rio Tunuyan Inferior,3892.9230000000002,0,0,0,0,3892.9230000000002
2632,Rio Tunuyan Inferior,753.204,0,0,0,0,10407.558
3002,Rio Atuel,35419.926,459.839,0,2567.697,0,1884.228
3003,Rio Atuel,36986.37,488.46,0,0,0,2285.5319999999997
3004,Rio Atuel,79435.201,1017.5110000000001,0,0,0,5740.36
3005,Rio Atuel,90890.452,1998.755,0,0,0,3783.4829999999997
3009,Rio Atuel,148165.557,3207.024,0,0,0,8005.327
3010,Rio Atuel,18182.469,316.56,0,0,0,1038.392
3011,Rio Atuel,28007.803,494.014,0,0,0,392.271
3012,Rio Atuel,5338.686,1097.0320000000002,0,0,0,880.657
3013,Rio Atuel,2412.098,19.503,0,0,0,466.422
3014,Rio Atuel,5057.844,64.986,0,0,0,0
3015,Rio Atuel,3137.389,73.425,0,0,0,0
3016,Rio Atuel,8958.765,252.588,0,0,0,425.427
3017,Rio Atuel,5506.261,83.53399999999999,0,0,0,0
3018,Rio Atuel,6551.562,179.384,0,0,0,0
3019,Rio Atuel,3951.308,10.744,0,0,0,467.614
3020,Rio Atuel,50243.136,1877.525,0,0,0,604.07
3021,Rio Atuel,0,0,0,0,0,216.914
3025,Rio Atuel,0,0,0,0,0,272.912
3028,Rio Atuel,32386.980000000003,540.099,0,0,0,895.754
3030,Rio Atuel,0,0,0,0,0,160.766
3032,Rio Atuel,2228.235,0,0,0,0,2.144
3033,Rio Atuel,2532.83,0,0,0,0,354.755
3034,Rio Atuel,6320.551,47.712,0,0,0,908.7339999999999
3035,Rio Atuel,32488.664,318.933,0,0,0,505.32500000000005
3036,Rio Atuel,4760.771,42.822,0,0,0,0
3037,Rio Atuel,17094.721,40.859,0,0,0,2278.842
3038,Rio Atuel,75019.202,757.358,0,0,0,5191.866
3039,Rio Atuel,36595.921,892.577,0,0,0,1461.347
3040,Rio Atuel,25788.029,284.694,0,0,0,2870.38
3042,Rio Atuel,66.874,104.263,0,0,0,2226.172
3043,Rio Atuel,5114.054,513.998,0,0,0,0
3044,Rio Atuel,4761.319,25.798,0,0,0,890.149
3045,Rio Atuel,3913.6220000000003,77.979,0,0,0,0
3046,Rio Atuel,17685.504,201.16299999999998,0,0,0,2031.528
3047,Rio Atuel,1980.2549999999999,34.03,0,0,0,0
3048,Rio Atuel,124.509,25.717000000000002,0,0,0,0
3050,Rio Atuel,14091.543,128.028,0,0,0,1978.304
3051,Rio Atuel,1249.633,0,0,0,0,0
3052,Rio Atuel,6800.809,34.254999999999995,0,0,0,43.146
3053,Rio Atuel,7032.231,18.835,0,0,0,1868.546
3054,Rio Atuel,292.52,0,0,0,0,0
3056,Rio Atuel,29.324,0,0,0,0,0
3057,Rio Atuel,75.788,5.751,0,0,0,0
3058,Rio Atuel,1235.318,79.209,0,0,0,682.55
3061,Rio Atuel,207.808,50.458,0,0,0,0
3064,Rio Atuel,71865.246,853.434,0,0,0,5809.768
3065,Rio Atuel,12417.141,256.379,0,0,0,2792.9100000000003
3066,Rio Atuel,31339.331000000002,522.171,0,0,0,633.159
3067,Rio Atuel,102774.719,1395.844,0,0,0,3095.8230000000003
3069,Rio Atuel,9072.539,151.226,0,0,0,435.116
3070,Rio Atuel,249131.214,9888.479000000001,27.713,0,22.089,11430.883
3073,Rio Atuel,11385.489,26.909,0,0,0,0
3074,Rio Atuel,15450.922999999999,413.562,0,0,0,6493.057
3075,Rio Atuel,43379.009999999995,487.93800000000005,0,0,0,4932.25
3076,Rio Atuel,37242.645000000004,586.388,0,0,0,2787.3859999999995
3077,Rio Atuel,46994.75,3191.183,0,0,0,8177.208
3078,Rio Atuel,31011.826,500.20300000000003,0,0,0,3795.576
3079,Rio Atuel,33264.468,770.199,0,0,0,3219.499
3080,Rio Atuel,36239.402,1260.464,0,0,0,15.569
3081,Rio Atuel,22825.407,835.0219999999999,0,0,0,1684.055
3082,Rio Atuel,55444.342,4414.916,0,0,0,5555.415
3083,Rio Atuel,8774.396,344.82,0,0,0,1123.957
3084,Rio Atuel,71099.158,2907.7709999999997,0,0,0,4232.184
3085,Rio Atuel,76758.32699999999,985.837,0,0,0,7144.975
3086,Rio Atuel,49111.806,6786.118,0,0,0,2600.631
3088,Rio Atuel,1606.603,189.927,0,0,0,3961.989
3089,Rio Atuel,4481.699,42.882999999999996,0,0,0,450.709
3090,Rio Atuel,11591.959,116.386,0,0,0,0
3091,Rio Atuel,7389.268,0,0,0,0,466.465
3092,Rio Atuel,5437.777,121.979,0,0,0,0
3093,Rio Atuel,4908.123,48.268,0,0,0,0
3095,Rio Atuel,3133.967,2078.166,0,0,0,1785.528
3097,Rio Atuel,6768.632,2552.9539999999997,0,0,0,0
3099,Rio Atuel,9527.335000000001,470.871,0,0,0,895.605
3100,Rio Atuel,10324.34,131.531,0,0,0,7153.169
3103,Rio Atuel,5660.671,238.59799999999998,0,0,0,367.495
3104,Rio Atuel,0,72.249,4.161,0,0,30786.758
3105,Rio Atuel,6468.24,204.873,0,0,0,0
3106,Rio Atuel,5853.639,57.814,0,0,0,183.799
3107,Rio Atuel,10000.82,120.664,0,0,0,0
3108,Rio Atuel,3429.788,58.642,0,0,0,1507.695
3109,Rio Atuel,14127.085,342.141,0,0,0,461.22999999999996
3110,Rio Atuel,18300.348,1287.2530000000002,0,1149.816,0,0
3111,Rio Atuel,31512.754,1094.123,0,0,0,5213.7
3112,Rio Atuel,10798.895,251.274,0,0,0,0
3113,Rio Atuel,5385.57,112.946,0,0,0,697.722
3114,Rio Atuel,7153.018,112.277,0,0,0,1500.852
3115,Rio Atuel,0,0,0,0,0,2054.342
3116,Rio Atuel,0,0,0,0,0,33.1
3117,Rio Atuel,21311.134,154.62,0,0,0,602.5999999999999
3118,Rio Atuel,0,0,0,0,0,3549.563
3119,Rio Atuel,13741.214,237.939,0,0,0,552.728
3120,Rio Atuel,9917.496,192.223,0,0,0,744.432
3121,Rio Atuel,15086.014,240.084,0,0,0,184.468
3122,Rio Atuel,2678,22.036,0,0,0,1304.146
3123,Rio Atuel,21327.948,203.823,0,0,0,1081.503
3125,Rio Atuel,21848.272,1103.5910000000001,0,0,0,2993.875
3128,Rio Atuel,13516.126,1218.957,0,0,0,29.335
3129,Rio Atuel,18039.762,186.482,0,0,0,346.952
3130,Rio Atuel,5300.465,44.269000000000005,0,0,0,742.988
3131,Rio Atuel,108.378,15.156,0,0,0,216.876
3132,Rio Atuel,12277.901,241.67299999999997,0,0,0,1180.1390000000001
3133,Rio Atuel,13977.275,144.393,0,0,0,0
3134,Rio Atuel,29434.059999999998,374.887,0,0,0,0
3135,Rio Atuel,7704.114,85.834,0,0,0,142.498
3136,Rio Atuel,10650.702,125.768,0,0,0,0
3137,Rio Atuel,7741.573,180.372,0,0,0,12.748
3138,Rio Atuel,23532.615,320.53000000000003,0,0,0,746.975
3139,Rio Atuel,6546.456,25.78,0,0,0,0
3140,Rio Atuel,42290.995,596.3629999999999,0,0,0,1859.039
3143,Rio Atuel,1804.371,838.5740000000001,0,0,0,0
3144,Rio Atuel,22731.886,6061.706,0,0,0,5523.7429999999995
3145,Rio Atuel,12786.204,449.29,0,0,0,0
4001,Rio Diamante,31934.979,660.2040000000001,0,48.285,0,3082.884
4002,Rio Diamante,7317.82,53.438,0,42.622,0,670.204
4003,Rio Diamante,59692.686,19991.231,29.353,1956.4950000000001,0,5142.104
4004,Rio Diamante,13090.375,29.335,0,0,0,1172.478
4005,Rio Diamante,7036.227,222.55700000000002,0,23.104,0,1247.899
4006,Rio Diamante,105585.178,13840.207999999999,0,28.406,13.226,3309.491
4007,Rio Diamante,24504.267,1950.885,0,0,0,1161.23
4008,Rio Diamante,28419.337,6929.969,0,0,0,1222.963
4009,Rio Diamante,25832.703,3164.81,0,0,0,9026.364
4010,Rio Diamante,29904.5,153.513,0,0,0,4367.316
4011,Rio Diamante,23192.609999999997,392.687,0,0,0,4647.941
4012,Rio Diamante,16891.346,185.125,0,0,0,2328.134
4013,Rio Diamante,27664.254999999997,1374.844,0,0,0,3823.447
4014,Rio Diamante,16194.903999999999,2344.172,0,0,0,1109.845
4015,Rio Diamante,13436.349,647.879,0,0,0,2245.612
4016,Rio Diamante,30446.634,6208.321,0,0,0,2343.721
4017,Rio Diamante,91516.935,10792.637999999999,0,802.241,0,9890.983
4018,Rio Diamante,4342.252,0,0,0,0,435.561
4019,Rio Diamante,4300.415,0,0,0,0,2204.331
4020,Rio Diamante,792.428,0,0,0,0,2412.0679999999998
4022,Rio Diamante,81306.542,5253.043,0,0,0,7253.595
4023,Rio Diamante,14185.753999999999,2266.4880000000003,0,31.128,0,1284.67
4024,Rio Diamante,13816.472,107.101,0,0,0,1775.8029999999999
4025,Rio Diamante,12124.619999999999,70.79299999999999,0,0,0,2897.686
4026,Rio Diamante,6924.066,121.279,0,0,0,788.952
4027,Rio Diamante,9178.233,20.397,0,0,0,291.074
4028,Rio Diamante,19306.713,104.38399999999999,0,0,0,3815.438
4029,Rio Diamante,78403.909,6191.122,0,0,4.745,4378.781
4030,Rio Diamante,3666.744,50.268,0,0,0,948.873
4031,Rio Diamante,6725.724,61.432,0,0,0,486.315
4032,Rio Diamante,4076.154,0,0,0,0,651.612
4033,Rio Diamante,10007.18,51.754999999999995,0,0,0,1129.9940000000001
4034,Rio Diamante,7898.517000000001,37.843,0,0,0,518.88
4035,Rio Diamante,294.439,0,0,0,0,747.114
4036,Rio Diamante,6586.3679999999995,44.747,0,0,0,307.764
4037,Rio Diamante,4729.163,146.076,0,0,0,543.192
4038,Rio Diamante,500.397,0,0,0,0,0
4040,Rio Diamante,9321.715,200.702,0,0,0,428.87899999999996
4041,Rio Diamante,89578.561,3521.551,0,284.373,12.317,4518.994
4042,Rio Diamante,27246.825,1866.4370000000001,0,0,0,1033.662
4043,Rio Diamante,5625.577,207.619,0,0,0,323.601
4045,Rio Diamante,199.55599999999998,0,0,0,0,0
4047,Rio Diamante,55296.729,2514.067,0,0,36.694,1347.44
4048,Rio Diamante,17407.527000000002,3421.4559999999997,0,0,0,3475.599
4049,Rio Diamante,4534.583,1475.529,0,0,0,9.736
4050,Rio Diamante,23129.569,3084.22,0,0,0,576.3620000000001
4051,Rio Diamante,54392.561,5207.413,0,2461.907,0,1810.973
4052,Rio Diamante,55132.659,4713.807000000001,0,0,32.46,3283.959
4053,Rio Diamante,7623.023,156.59699999999998,0,4.882,0,5.783
4054,Rio Diamante,9511.369,95.174,0,0,0,0
4055,Rio Diamante,56784.512,2071.474,0,8.426,23.933,1939.335
4056,Rio Diamante,0,0,0,0,0,355.487
4057,Rio Diamante,5760.407,25.37,0,0,0,375.693
4058,Rio Diamante,30124.286999999997,3245.334,0,0.345,0,1222.973
4059,Rio Diamante,1109.218,17.007,0,0,0,0
4060,Rio Diamante,38359.231,1333.874,0,0,0,3663.148
4061,Rio Diamante,9591.814,198.17,0,0,0,118.427
4062,Rio Diamante,87676.892,3968.008,0,0,0,3982.607
4063,Rio Diamante,59079.289000000004,5976.035,0,28.106,0,2178.364
4064,Rio Diamante,11340.065999999999,406.76,0,2.065,0,2286.804
4065,Rio Diamante,1530.553,224.357,0,0,0,1.035
4066,Rio Diamante,41252.263,4147.683,0,0,0,2193.739
4067,Rio Diamante,14023.125,96.99799999999999,0,0,0,0
4068,Rio Diamante,50289.929000000004,5412.1089999999995,0,2136.176,0,1501.563
4069,Rio Diamante,15119.639,102.347,0,0,0,458.97999999999996
4071,Rio Diamante,11061.295,667.935,0,0,0,622.507
4072,Rio Diamante,15954.858,251.45499999999998,0,0,0,2553.624
4073,Rio Diamante,13204.158,2097.451,0,0,0,262.146
4074,Rio Diamante,33182.303,2983.6440000000002,0,0,0,709.966
4075,Rio Diamante,8309.444,3876.466,0,0,0,0
4076,Rio Diamante,37.211,0,0,0,0,0
4077,Rio Diamante,2372.174,85.132,0,0,0,991.511
4078,Rio Diamante,1800.1219999999998,83.663,0,0,0,671.391
4079,Rio Diamante,15471.615,1443.277,0,0,0,159.327
4080,Rio Diamante,3592.365,213.737,0,0,0,0
4081,Rio Diamante,1731.523,29.475,0,0,0,0
4082,Rio Diamante,3344.974,65.25,0,0,0,0
4083,Rio Diamante,841.142,0,0,0,0,0
4084,Rio Diamante,1725.775,39.239000000000004,0,0,0,0
4085,Rio Diamante,5978.519,3635.1839999999997,0,0,0,0
4086,Rio Diamante,2521.2690000000002,88.437,0,0,0,0
4087,Rio Diamante,6196.809,154.162,0,0,0,601.058
4088,Rio Diamante,3646.288,143.733,0,0,0,0
4091,Rio Diamante,14008.896,3896.452,0,0,0,974.888
4092,Rio Diamante,4201.673,2367.6059999999998,0,0,0,0
4093,Rio Diamante,2289.062,20.676,0,0,0,0
4094,Rio Diamante,6431.266,38.482,0,0,0,0
4095,Rio Diamante,0,67.374,0,0,0,0
4096,Rio Diamante,2391.9700000000003,56.528999999999996,0,0,0,0
4097,Rio Diamante,24135.329,1342.154,0,0,0,0
4098,Rio Diamante,0,0,0,0,0,286.963
4099,Rio Diamante,16754.489,14.259,0,0,0,0
4100,Rio Diamante,9526.499,1011.9259999999999,0,0,0,0
4101,Rio Diamante,11098.125,273.795,0,0,0,0
4102,Rio Diamante,8236.016,192.97,0,0,0,0
4103,Rio Diamante,496.148,0,0,0,0,0
4104,Rio Diamante,683.7429999999999,0,0,0,0,0
4105,Rio Diamante,102.497,0,0,0,0,0
4106,Rio Diamante,8314.982,329.635,0,0,0,0
4110,Rio Diamante,884.644,46.922,0,0,0,0
4111,Rio Diamante,1709.93,72.25,0,0,0,0
4112,Rio Diamante,1710.279,47.232,0,0,0,0
4115,Rio Diamante,2300.872,48.958,0,0,0,0
4116,Rio Diamante,631.592,0,0,0,0,0
4117,Rio Diamante,445.22200000000004,0,0,0,0,0
4118,Rio Diamante,109.047,0,0,0,0,0
4119,Rio Diamante,5028.133,123.046,0,0,0,0
4122,Rio Diamante,239.873,19.591,0,0,0,0
4123,Rio Diamante,805.737,16.658,0,0,0,0
4124,Rio Diamante,2162.135,27.038,0,0,0,0
4125,Rio Diamante,11393.422999999999,262.812,0,0,0,0
4126,Rio Diamante,2374.371,22.497999999999998,0,0,0,0
4127,Rio Diamante,2686.563,37.874,0,0,0,0
4128,Rio Diamante,12283.538,303.223,0,0,0,0
4129,Rio Diamante,11972.345,139.508,0,0,0,321.403
4130,Rio Diamante,2661.4030000000002,19.22,0,0,0,0
4131,Rio Diamante,70744.578,8198.031,0,0,0,9296.028
4132,Rio Diamante,18800.217,236.063,0,0,0,0
4139,Rio Diamante,52290.283,1551.54,0,156.75500000000002,71.128,1250.529
4145,Rio Diamante,21041.547,3657.644,0,17.735,5.052,672.174
4149,Rio Diamante,25425.173000000003,661.579,0,0,0,2266.7580000000003
4150,Rio Diamante,15629.684000000001,700.949,0,0,0,404.39500000000004
4151,Rio Diamante,21231.462,326.762,0,0,0,601.401
4152,Rio Diamante,13008.987,169.73000000000002,0,24.174,0,32.161
4153,Rio Diamante,24126.226000000002,15.584,0,0,0,0
4700,Rio Diamante,32575.809999999998,805.6759999999999,0,19.305,14.709,1428.061
4701,Rio Diamante,16038.806,149.966,0,0,21.297,514.3919999999999
4901,Rio Diamante,29402.556,3430.2999999999997,0,0,0,1898.681
4902,Rio Diamante,23493.45,74.56,0,0,0,1227.039
4903,Rio Diamante,30934.424000000003,4967.758000000001,0,0,0,17.495
4905,Rio Diamante,47176.065,412.57599999999996,0,0,35.214,80.687
4906,Rio Diamante,945.1510000000001,0,0,0,0,101.291
4907,Rio Diamante,13011.458999999999,129.446,0,0,40.156,0
5001,Rio Tunuyan Superior,1612.819,3193.9339999999997,0,0,0,0
5002,Rio Tunuyan Superior,92.12,0,0,0,0,251.42
5003,Rio Tunuyan Superior,0,0,0,0,0,0
5004,Rio Tunuyan Superior,76.331,0,0,0,0,0
5005,Rio Tunuyan Superior,0,0,0,0,0,0
5006,Rio Tunuyan Superior,1664.0919999999999,19.85,1067.037,0,0,25.813
5007,Rio Tunuyan Superior,0,0,0,0,0,0
5008,Rio Tunuyan Superior,4947.905,1063.828,0,0,0,7.217
5009,Rio Tunuyan Superior,0,0,0,0,0,0
5010,Rio Tunuyan Superior,1737.057,0,0,0,0,4.977
5011,Rio Tunuyan Superior,415.205,0,0,0,0,0
5012,Rio Tunuyan Superior,14.32,0,0,0,0,0
5014,Rio Tunuyan Superior,0,0,0,0,0,753.005
5016,Rio Tunuyan Superior,0,0,0,0,0,0
5019,Rio Tunuyan Superior,1054.877,0,0,0,0,277.877
5020,Rio Tunuyan Superior,1859.2740000000001,0,0,0,0,278.10699999999997
5022,Rio Tunuyan Superior,411.864,0,0,0,0,411.52
5700,Rio Tunuyan Superior,11708.081,5586.816,0,0,0,0
5701,Rio Tunuyan Superior,48207.422000000006,10241.141,0,0,35.881,171.143
5702,Rio Tunuyan Superior,14156.663,6.297000000000001,0,0,0,0
5703,Rio Tunuyan Superior,9188.698,2379.1549999999997,0,0,6.359,0
5704,Rio Tunuyan Superior,18131.86,2470.654,0,0,4.529,0
5705,Rio Tunuyan Superior,749.773,3.435,0,0,0,0
5706,Rio Tunuyan Superior,15713.635999999999,9591.755000000001,0,2.847,12.884,302.105
5708,Rio Tunuyan Superior,5408.384,10.193999999999999,1.967,0,0,0
5709,Rio Tunuyan Superior,2904.1679999999997,425.69500000000005,0,0,0,0
5710,Rio Tunuyan Superior,73.726,0,0,0,0,0
5711,Rio Tunuyan Superior,124.771,0,0,0,0,0
5712,Rio Tunuyan Superior,421.971,0,0,0,0,0
5713,Rio Tunuyan Superior,730.668,0,0,0,0,0
5714,Rio Tunuyan Superior,561.745,0,0,0,0,0
5715,Rio Tunuyan Superior,2610.324,10.986,0,0,0,0
5716,Rio Tunuyan Superior,0,0,0,0,0,0
5717,Rio Tunuyan Superior,150.96800000000002,0,0,0,0,0
5718,Rio Tunuyan Superior,0,0,0,0,0,0
5719,Rio Tunuyan Superior,578.02,0,0,0,0,0
5720,Rio Tunuyan Superior,1062.176,5.88,0,0,0,0
5723,Rio Tunuyan Superior,0,0,0,0,0,0
5724,Rio Tunuyan Superior,66.277,0,0,0,0,0
5725,Rio Tunuyan Superior,6679.094,0,0,0,0,0
5726,Rio Tunuyan Superior,7773.276,12.604,0,0,0,0
5727,Rio Tunuyan Superior,4709.182,27.654,0,0,0,0
5728,Rio Tunuyan Superior,749.668,265.06,0,0,0,0
5730,Rio Tunuyan Superior,5176.751,5.163,0,0,0,0
5731,Rio Tunuyan Superior,9172.734,40.087999999999994,0,0,0,0
5732,Rio Tunuyan Superior,4106.554,0,0,0,26.828,170.582
5733,Rio Tunuyan Superior,264.826,0,0,0,0,0
5734,Rio Tunuyan Superior,1360.771,0,0,0,0,0
5735,Rio Tunuyan Superior,0,0,0,0,0,0
5736,Rio Tunuyan Superior,1002.294,0,0,0,0,0
5738,Rio Tunuyan Superior,4758.883,0,0,0,0,110.609
5740,Rio Tunuyan Superior,408.668,0,0,0,0,8.241
5741,Rio Tunuyan Superior,906.2359999999999,0,0,0,0,0
5743,Rio Tunuyan Superior,0,0,0,0,0,0
5744,Rio Tunuyan Superior,0,0,0,0,0,0
5745,Rio Tunuyan Superior,1129.021,0,0,0,0,0
5746,Rio Tunuyan Superior,83.404,0,0,0,0,0
5747,Rio Tunuyan Superior,0,0,0,0,0,0
5748,Rio Tunuyan Superior,616.739,0,0,0,0,0
5749,Rio Tunuyan Superior,3674.645,0,0,0,0,329.883
5753,Rio Tunuyan Superior,4269.825,0,0,0,0,0
5755,Rio Tunuyan Superior,11060.759,22.994,0,0,0,0
5758,Rio Tunuyan Superior,249.006,0,0,0,0,0
5759,Rio Tunuyan Superior,0,0,0,0,0,0
5762,Rio Tunuyan Superior,3157.737,219.187,0,0,0,0
5767,Rio Tunuyan Superior,13377.128,0,0,0,0,254.974
5769,Rio Tunuyan Superior,6381.982999999999,0,0,0,0,0
5772,Rio Tunuyan Superior,300.843,4586.026,0,0,0,4208.503
5773,Rio Tunuyan Superior,13786.638,5336.3,15.229,0,8.189,1497.306
5774,Rio Tunuyan Superior,0,0,0,0,0,0
5900,Rio Tunuyan Superior,532.677,0,0,0,0,0
5901,Rio Tunuyan Superior,13461.672999999999,0,0,0,0,919.387
5902,Rio Tunuyan Superior,714.164,0,0,0,0,0
5903,Rio Tunuyan Superior,558.862,0,0,0,0,0
5904,Rio Tunuyan Superior,437.275,0,0,0,0,0
8234,Rio Malarg√ºe,118287.40599999999,2078.152,0,0,1.414,0
9700,Rio Tunuyan Superior,1659.7559999999999,137.087,0,5.025,0,0
9707,Rio Tunuyan Superior,331.258,0,0,0,0,0
9708,Rio Tunuyan Superior,0,0,0,0,0,438.498
9709,Rio Tunuyan Superior,0,0,0,0,0,0
9710,Rio Tunuyan Superior,0,0,0,0,0,0
9711,Rio Tunuyan Superior,0,0,0,0,0,0
9712,Rio Tunuyan Superior,12.327,0,0,0,0,0
9715,Rio Tunuyan Superior,1029.498,0,0,0,0,935.214
9716,Rio Tunuyan Superior,1409.421,0,0,0,0,0
9718,Rio Tunuyan Superior,0,0,0,0,0,4463.171
9723,Rio Tunuyan Superior,1648.745,0,0,0,0,0
9725,Rio Tunuyan Superior,1615.628,0,0,0,0,149.128
9727,Rio Tunuyan Superior,11420.396,2370.508,2114.575,0,0,0
9729,Rio Tunuyan Superior,1062.443,0,0,0,0,0
9731,Rio Tunuyan Superior,0,0,0,0,0,0
9732,Rio Tunuyan Superior,0,0,0,0,0,0
9733,Rio Tunuyan Superior,0,0,0,0,0,3182.229
9734,Rio Tunuyan Superior,126.444,0,0,0,0,0
9736,Rio Tunuyan Superior,0,0,0,0,0,0
9737,Rio Tunuyan Superior,0,0,0,0,0,0
9738,Rio Tunuyan Superior,0,0,0,0,0,0
9739,Rio Tunuyan Superior,0,0,0,0,0,9.375
9741,Rio Tunuyan Superior,0,0,0,0,0,0
9742,Rio Tunuyan Superior,177.341,0,0,0,0,0
9743,Rio Tunuyan Superior,0,0,0,0,0,0
9744,Rio Tunuyan Superior,0,0,0,0,0,0
9745,Rio Tunuyan Superior,0,0,0,0,0,0
9746,Rio Tunuyan Superior,215.705,0,0,0,0,0
9747,Rio Tunuyan Superior,0,0,0,0,0,0
9748,Rio Tunuyan Superior,0,0,0,0,0,0
9749,Rio Tunuyan Superior,0,0,0,0,0,0
9750,Rio Tunuyan Superior,0,0,0,0,0,0
9751,Rio Tunuyan Superior,244.743,0,0,0,0,0
9753,Rio Tunuyan Superior,0,0,0,0,0,0
9754,Rio Tunuyan Superior,0,0,0,0,0,0
9755,Rio Tunuyan Superior,0,0,0,0,0,0
9756,Rio Tunuyan Superior,0,0,0,0,0,0
9757,Rio Tunuyan Superior,579.874,0,0,0,0,14.55
9758,Rio Tunuyan Superior,0,0,0,0,0,0
9759,Rio Tunuyan Superior,0,0,0,0,0,0
9760,Rio Tunuyan Superior,0,0,0,0,0,0
9761,Rio Tunuyan Superior,605.083,0,0,0,0,0
9762,Rio Tunuyan Superior,0,0,0,0,0,0
9768,Rio Tunuyan Superior,0,0,0,0,0,9121.759
9771,Rio Tunuyan Superior,0,0,0,0,0,3339.286
9775,Rio Tunuyan Superior,0,0,0,0,0,0
9776,Rio Tunuyan Superior,2043.927,0,0,0,0,0
9777,Rio Tunuyan Superior,0,0,0,0,0,0
