UM,Cauce,CodigoCauce,EfC,Superficie,LongitudRed,Revestida,SinRevestir,RevestPorc,,,
CANAL NORTE,Canal Norte,2623,74.14,2325.81,50291.05,389.18,49901.87,0.008,,,
Canal Norte,Hijuela Nº 3 Ramo Silva (Viene del 2913),2624,74.14,2325.81,50291.05,389.18,49901.87,0.008,,,
Canal Norte,Hijuela Nº 4 (Viene del 2914),2625,74.14,2325.81,50291.05,389.18,49901.87,0.008,,,
Canal Norte,Hijuela Nº 5 (Viene del 2915),2626,74.14,2325.81,50291.05,389.18,49901.87,0.008,,,
Canal Norte,Hijuela Nº 6 (Viene del 2916),2627,74.14,2325.81,50291.05,389.18,49901.87,0.008,,,
Canal Norte,Hijuela Nº 7,2628,74.14,2325.81,50291.05,389.18,49901.87,0.008,,,
Canal Norte,Hijuela Nº 8,2629,74.14,2325.81,50291.05,389.18,49901.87,0.008,,,
Canal Norte,Hijuela Calle Vargas,263,74.14,2325.81,50291.05,389.18,49901.87,0.008,,,
Canal Norte,Hijuela Guevara (Viene del 2911),2631,74.14,2325.81,50291.05,389.18,49901.87,0.008,,,
CHACABUCO,Canal Chacabuco,2397,80.54,2645.48,83767.93,5120.94,78646.99,0.061,,,
Canal Chacabuco,Hijuela Francisco González,2398,80.54,2645.48,83767.93,5120.94,78646.99,0.061,,,
Canal Chacabuco,Hijuela Corvalán,2399,80.54,2645.48,83767.93,5120.94,78646.99,0.061,,,
Canal Chacabuco,Hijuela Carlos González,2400,80.54,2645.48,83767.93,5120.94,78646.99,0.061,,,
Canal Chacabuco,Hijuela Arboles,2401,80.54,2645.48,83767.93,5120.94,78646.99,0.061,,,
Canal Chacabuco,Hijuela 1ª Godoy,2402,80.54,2645.48,83767.93,5120.94,78646.99,0.061,,,
Canal Chacabuco,Hijuela 2ª Godoy,2403,80.54,2645.48,83767.93,5120.94,78646.99,0.061,,,
Canal Chacabuco,Hijuela Norte,2404,80.54,2645.48,83767.93,5120.94,78646.99,0.061,,,
Canal Chacabuco,Hijuela Sur,2405,80.54,2645.48,83767.93,5120.94,78646.99,0.061,,,
Canal Chacabuco,Hijuela Horqueta,2406,80.54,2645.48,83767.93,5120.94,78646.99,0.061,,,
Canal Chacabuco,Hijuela 1ra Cano,2407,80.54,2645.48,83767.93,5120.94,78646.99,0.061,,,
Canal Chacabuco,Hijuela Cañas,2408,80.54,2645.48,83767.93,5120.94,78646.99,0.061,,,
Canal Chacabuco,Hijuela Cañas Ramo Ferraris,2409,80.54,2645.48,83767.93,5120.94,78646.99,0.061,,,
Canal Chacabuco,Hijuela Barbecho,2410,80.54,2645.48,83767.93,5120.94,78646.99,0.061,,,
Canal Chacabuco,Hijuela Caballero,2411,80.54,2645.48,83767.93,5120.94,78646.99,0.061,,,
Canal Chacabuco,Hijuela Chilecito,2412,80.54,2645.48,83767.93,5120.94,78646.99,0.061,,,
Canal Chacabuco,Hijuela 2ª Cano,2413,80.54,2645.48,83767.93,5120.94,78646.99,0.061,,,
Canal Chacabuco,Hijuela Model,2414,80.54,2645.48,83767.93,5120.94,78646.99,0.061,,,
Canal Chacabuco,Hijuela Tubalcaín Baca,2415,80.54,2645.48,83767.93,5120.94,78646.99,0.061,,,
Canal Chacabuco,Hijuela Di Césare,2416,80.54,2645.48,83767.93,5120.94,78646.99,0.061,,,
Canal Chacabuco,Hijuela Guevara,2417,80.54,2645.48,83767.93,5120.94,78646.99,0.061,,,
Canal Chacabuco,Hijuela Enrique Mogas Nº 1,2418,80.54,2645.48,83767.93,5120.94,78646.99,0.061,,,
Canal Chacabuco,Hijuela Enrique Mogas Nº 2,2419,80.54,2645.48,83767.93,5120.94,78646.99,0.061,,,
Canal Chacabuco,Hijuela Ríos,2420,80.54,2645.48,83767.93,5120.94,78646.99,0.061,,,
Canal Chacabuco,Hijuela Luquez,2421,80.54,2645.48,83767.93,5120.94,78646.99,0.061,,,
Canal Chacabuco,Hijuela Perales,2422,80.54,2645.48,83767.93,5120.94,78646.99,0.061,,,
Canal Chacabuco,Hijuela Los Andes,2423,80.54,2645.48,83767.93,5120.94,78646.99,0.061,,,
Canal Chacabuco,Hijuela Fantino,2424,80.54,2645.48,83767.93,5120.94,78646.99,0.061,,,
CHIMBAS,Rama Chimba,2139,88.43,4498.80,139103.28,4743.02,134360.26,0.034,,,
Rama Chimba,Hijuela Hidalgo,2141,88.43,4498.80,139103.28,4743.02,134360.26,0.034,,,
Rama Chimba,Hijuela Merlo,2142,88.43,4498.80,139103.28,4743.02,134360.26,0.034,,,
Rama Chimba,Hijuela Garriguez,2143,88.43,4498.80,139103.28,4743.02,134360.26,0.034,,,
Rama Chimba,Hijuela Garriguez Ramo Nuevo Hidalgo,2144,88.43,4498.80,139103.28,4743.02,134360.26,0.034,,,
Rama Chimba,Hijuela Garros,2145,88.43,4498.80,139103.28,4743.02,134360.26,0.034,,,
Rama Chimba,Hijuela Martinez,2146,88.43,4498.80,139103.28,4743.02,134360.26,0.034,,,
Rama Chimba,Hijuela Galdamez,2147,88.43,4498.80,139103.28,4743.02,134360.26,0.034,,,
Rama Chimba,Hijuela Galdamez Ramo Villa Obrero,2617,88.43,4498.80,139103.28,4743.02,134360.26,0.034,,,
Rama Chimba,Hijuela Espínola,2148,88.43,4498.80,139103.28,4743.02,134360.26,0.034,,,
Rama Chimba,Hijuela Espínola Ramo Aroma,2149,88.43,4498.80,139103.28,4743.02,134360.26,0.034,,,
Rama Chimba,Hijuela Espínola Ramo Gomez,2150,88.43,4498.80,139103.28,4743.02,134360.26,0.034,,,
Rama Chimba,Hijuela Beas,2151,88.43,4498.80,139103.28,4743.02,134360.26,0.034,,,
Rama Chimba,Hijuela Aguilera,2152,88.43,4498.80,139103.28,4743.02,134360.26,0.034,,,
Rama Chimba,Hijuela López,2153,88.43,4498.80,139103.28,4743.02,134360.26,0.034,,,
Rama Chimba,Hijuela Gimenez,2154,88.43,4498.80,139103.28,4743.02,134360.26,0.034,,,
Rama Chimba,Hijuela Jofré,2155,88.43,4498.80,139103.28,4743.02,134360.26,0.034,,,
Rama Chimba,Hijuela 1ª Flores,2156,88.43,4498.80,139103.28,4743.02,134360.26,0.034,,,
Rama Chimba,Hijuela Aranguez,2157,88.43,4498.80,139103.28,4743.02,134360.26,0.034,,,
Rama Chimba,Hijuela Higuera,2158,88.43,4498.80,139103.28,4743.02,134360.26,0.034,,,
Rama Chimba,Hijuela Miranda,2159,88.43,4498.80,139103.28,4743.02,134360.26,0.034,,,
Rama Chimba,Hijuela Miranda Ramo Mazarente,2160,88.43,4498.80,139103.28,4743.02,134360.26,0.034,,,
Rama Chimba,Hijuela Santibañez,2161,88.43,4498.80,139103.28,4743.02,134360.26,0.034,,,
Rama Chimba,Hijuela 1ª González,2162,88.43,4498.80,139103.28,4743.02,134360.26,0.034,,,
Rama Chimba,Hijuela 1ª Ramo Sixto González ,2163,88.43,4498.80,139103.28,4743.02,134360.26,0.034,,,
Rama Chimba,Hijuela Báez,2164,88.43,4498.80,139103.28,4743.02,134360.26,0.034,,,
Rama Chimba,Hijuela 2ª González,2165,88.43,4498.80,139103.28,4743.02,134360.26,0.034,,,
Rama Chimba,Hijuela 2ª González Ramo Romains,2166,88.43,4498.80,139103.28,4743.02,134360.26,0.034,,,
Rama Chimba,Hijuela 2ª González Ramo Pizarro,2167,88.43,4498.80,139103.28,4743.02,134360.26,0.034,,,
Rama Chimba,Hijuela Villegas,2168,88.43,4498.80,139103.28,4743.02,134360.26,0.034,,,
Rama Chimba,Hijuela Villegas Ramo Gallardo,2169,88.43,4498.80,139103.28,4743.02,134360.26,0.034,,,
Rama Chimba,Hijuela Alta,2170,88.43,4498.80,139103.28,4743.02,134360.26,0.034,,,
Rama Chimba,Hijuela Alta Ramo 2ª Flores,2171,88.43,4498.80,139103.28,4743.02,134360.26,0.034,,,
Rama Chimba,Hijuela Cabrera,2172,88.43,4498.80,139103.28,4743.02,134360.26,0.034,,,
Rama Chimba,Hijuela Zapata,2173,88.43,4498.80,139103.28,4743.02,134360.26,0.034,,,
Rama Chimba,Hijuela Correa,2174,88.43,4498.80,139103.28,4743.02,134360.26,0.034,,,
Rama Chimba,Hijuela Ortega,2175,88.43,4498.80,139103.28,4743.02,134360.26,0.034,,,
Rama Chimba,Hijuela Alvarez,2176,88.43,4498.80,139103.28,4743.02,134360.26,0.034,,,
Rama Chimba,Hijuela Verón,2177,88.43,4498.80,139103.28,4743.02,134360.26,0.034,,,
Rama Chimba,Hijuela Videla,2178,88.43,4498.80,139103.28,4743.02,134360.26,0.034,,,
Rama Chimba,Hijuela Chapanay,2179,88.43,4498.80,139103.28,4743.02,134360.26,0.034,,,
Rama Chimba,Hijuela Merlo Ramo 1º-1ª Herrera,2180,88.43,4498.80,139103.28,4743.02,134360.26,0.034,,,
Rama Chimba,Hijuela Merlo Ramo 1º-2ª Herrera,2181,88.43,4498.80,139103.28,4743.02,134360.26,0.034,,,
Rama Chimba,Ramo Vernier,2182,88.43,4498.80,139103.28,4743.02,134360.26,0.034,,,
CONSTITUCION,Canal Matriz Constitucion,2311,78.94,11290.45,341010.48,25180.69,315829.79,0.074,,,
Canal Mz.Constitución,RAMA MOYANO,2312,78.94,11290.45,341010.48,25180.69,315829.79,0.074,,,
Canal Mz.Constitución,Rama Moyano Hijuela Godoy,2313,78.94,11290.45,341010.48,25180.69,315829.79,0.074,,,
Canal Mz.Constitución,TOMA EXCLUSIVA Vargas,2314,78.94,11290.45,341010.48,25180.69,315829.79,0.074,,,
Canal Mz.Constitución,Hijuela Segura,2315,78.94,11290.45,341010.48,25180.69,315829.79,0.074,,,
Canal Mz.Constitución,Hijuela Sur Pié De Gallo,2316,78.94,11290.45,341010.48,25180.69,315829.79,0.074,,,
Canal Mz.Constitución,Hijuela Del Molino,2317,78.94,11290.45,341010.48,25180.69,315829.79,0.074,,,
Canal Mz.Constitución,Hijuela Norte Pié De Gallo,2318,78.94,11290.45,341010.48,25180.69,315829.79,0.074,,,
Canal Mz.Constitución,Hijuela Civit,2319,78.94,11290.45,341010.48,25180.69,315829.79,0.074,,,
Canal Mz.Constitución,Hijuela Bello,2320,78.94,11290.45,341010.48,25180.69,315829.79,0.074,,,
Canal Mz.Constitución,Hijuela Godoy,2321,78.94,11290.45,341010.48,25180.69,315829.79,0.074,,,
Canal Mz.Constitución,Hijuela Guevara,2322,78.94,11290.45,341010.48,25180.69,315829.79,0.074,,,
Canal Mz.Constitución,Hijuela Dominguez,2323,78.94,11290.45,341010.48,25180.69,315829.79,0.074,,,
Canal Mz.Constitución,Hijuela Serpa,2324,78.94,11290.45,341010.48,25180.69,315829.79,0.074,,,
Canal Mz.Constitución,Hijuela Cabrera,2325,78.94,11290.45,341010.48,25180.69,315829.79,0.074,,,
Canal Mz.Constitución,Hijuela Barrios y Guevara,2326,78.94,11290.45,341010.48,25180.69,315829.79,0.074,,,
Canal Mz.Constitución,Hijuela Reta,2327,78.94,11290.45,341010.48,25180.69,315829.79,0.074,,,
Canal Mz.Constitución,Hijuela Tonelli,2618,78.94,11290.45,341010.48,25180.69,315829.79,0.074,,,
Canal Mz.Constitución,RAMA VIEJO RETAMO,2328,78.94,11290.45,341010.48,25180.69,315829.79,0.074,,,
Canal Mz.Constitución,Rama Viejo Retamo Hijuela Salcedo,2329,78.94,11290.45,341010.48,25180.69,315829.79,0.074,,,
Canal Mz.Constitución,Rama Viejo Retamo Hijuela 2ª Reta,2330,78.94,11290.45,341010.48,25180.69,315829.79,0.074,,,
Canal Mz.Constitución,Rama Viejo Retamo Hijuela Chacón,2331,78.94,11290.45,341010.48,25180.69,315829.79,0.074,,,
Canal Mz.Constitución,Rama Viejo Retamo Hijuela Juan AGarcía,2332,78.94,11290.45,341010.48,25180.69,315829.79,0.074,,,
Canal Mz.Constitución,Rama Viejo Retamo Hijuela Cano,2333,78.94,11290.45,341010.48,25180.69,315829.79,0.074,,,
Canal Mz.Constitución,Rama Viejo Retamo Hijuela Correa,2334,78.94,11290.45,341010.48,25180.69,315829.79,0.074,,,
Canal Mz.Constitución,Rama Viejo Retamo Hijuela 1ª Maure,2335,78.94,11290.45,341010.48,25180.69,315829.79,0.074,,,
Canal Mz.Constitución,Rama Viejo Retamo Hijuela Arrascaeta,2336,78.94,11290.45,341010.48,25180.69,315829.79,0.074,,,
Canal Mz.Constitución,Rama Viejo Retamo Hijuela Lelio,2337,78.94,11290.45,341010.48,25180.69,315829.79,0.074,,,
Canal Mz.Constitución,Rama Viejo Retamo Hijuela 2ª Cabrera,2338,78.94,11290.45,341010.48,25180.69,315829.79,0.074,,,
Canal Mz.Constitución,Rama Viejo Retamo Hijuela Olivares,2339,78.94,11290.45,341010.48,25180.69,315829.79,0.074,,,
Canal Mz.Constitución,Rama Viejo Retamo Hijuela González,2340,78.94,11290.45,341010.48,25180.69,315829.79,0.074,,,
Canal Mz.Constitución,Rama Viejo Retamo Hijuela Crisostomo 2ª Maure,2341,78.94,11290.45,341010.48,25180.69,315829.79,0.074,,,
Canal Mz.Constitución,Rama Viejo Retamo Hijuela Day,2342,78.94,11290.45,341010.48,25180.69,315829.79,0.074,,,
Canal Mz.Constitución,Rama Viejo Retamo Hijuela Castro,2343,78.94,11290.45,341010.48,25180.69,315829.79,0.074,,,
Canal Mz.Constitución,Rama Viejo Retamo Hijuela Dell'Arciprette,2344,78.94,11290.45,341010.48,25180.69,315829.79,0.074,,,
Canal Mz.Constitución,Rama Viejo Retamo Hijuela Baldor,2345,78.94,11290.45,341010.48,25180.69,315829.79,0.074,,,
Canal Mz.Constitución,Rama Viejo Retamo Hijuela Olguín,2346,78.94,11290.45,341010.48,25180.69,315829.79,0.074,,,
Canal Mz.Constitución,Rama Viejo Retamo Hijuela Tobar,2347,78.94,11290.45,341010.48,25180.69,315829.79,0.074,,,
Canal Mz.Constitución,Rama Viejo Retamo Hijuela Parejas,2348,78.94,11290.45,341010.48,25180.69,315829.79,0.074,,,
Canal Mz.Constitución,Rama Viejo Retamo Hijuela Benegas,2349,78.94,11290.45,341010.48,25180.69,315829.79,0.074,,,
Canal Mz.Constitución,Rama Viejo Retamo Hijuela Alcaráz,2350,78.94,11290.45,341010.48,25180.69,315829.79,0.074,,,
Canal Mz.Constitución,Rama Viejo Retamo Hijuela Las Corias,2351,78.94,11290.45,341010.48,25180.69,315829.79,0.074,,,
Canal Mz.Constitución,Rama Viejo Retamo Hijuela Orrego,2352,78.94,11290.45,341010.48,25180.69,315829.79,0.074,,,
Canal Mz.Constitución,Rama Viejo Retamo Hijuela 1ª González,2353,78.94,11290.45,341010.48,25180.69,315829.79,0.074,,,
Canal Mz.Constitución,Rama Viejo Retamo Hijuela NEstrella,2354,78.94,11290.45,341010.48,25180.69,315829.79,0.074,,,
Canal Mz.Constitución,Rama Viejo Retamo Hijuela Maravilla,2355,78.94,11290.45,341010.48,25180.69,315829.79,0.074,,,
Canal Mz.Constitución,Rama Viejo Retamo Hijuela Neyra,2356,78.94,11290.45,341010.48,25180.69,315829.79,0.074,,,
Canal Mz.Constitución,Rama Viejo Retamo Hijuela PNGuiñazú,2357,78.94,11290.45,341010.48,25180.69,315829.79,0.074,,,
Canal Mz.Constitución,"Rama Viejo Retamo Hijuela 1erRasgo ""Pedro Videla""",2358,78.94,11290.45,341010.48,25180.69,315829.79,0.074,,,
Canal Mz.Constitución,"Rama Viejo Retamo Hijuela 2doRasgo ""José Videla""",2359,78.94,11290.45,341010.48,25180.69,315829.79,0.074,,,
Canal Mz.Constitución,Rama Viejo Retamo Hijuela 3erRasgo Sotomayor,2360,78.94,11290.45,341010.48,25180.69,315829.79,0.074,,,
Canal Mz.Constitución,"Rama Viejo Retamo Hijuela 5toRasgo ""Juan De Dios Morales""",2361,78.94,11290.45,341010.48,25180.69,315829.79,0.074,,,
Canal Mz.Constitución,"Rama Viejo Retamo Hijuela 4toRasgo ""Eloy González""",2362,78.94,11290.45,341010.48,25180.69,315829.79,0.074,,,
Canal Mz.Constitución,Rama Viejo Retamo Hijuela Villa Junín,2363,78.94,11290.45,341010.48,25180.69,315829.79,0.074,,,
Canal Mz.Constitución,RAMA NUEVO RETAMO,2364,78.94,11290.45,341010.48,25180.69,315829.79,0.074,,,
Canal Mz.Constitución,Rama Nuevo Retamo Hijuela Roberto Guevara,2365,78.94,11290.45,341010.48,25180.69,315829.79,0.074,,,
Canal Mz.Constitución,Rama Nuevo Retamo Hijuela Las Porteñas,2366,78.94,11290.45,341010.48,25180.69,315829.79,0.074,,,
Canal Mz.Constitución,Rama Nuevo Retamo Hijuela Torres,2367,78.94,11290.45,341010.48,25180.69,315829.79,0.074,,,
Canal Mz.Constitución,Rama Nuevo Retamo Hijuela Labanca,2368,78.94,11290.45,341010.48,25180.69,315829.79,0.074,,,
Canal Mz.Constitución,Rama Nuevo Retamo Hijuela Espejo,2369,78.94,11290.45,341010.48,25180.69,315829.79,0.074,,,
Canal Mz.Constitución,Rama Nuevo Retamo Hijuela Tissera,2370,78.94,11290.45,341010.48,25180.69,315829.79,0.074,,,
Canal Mz.Constitución,Rama Nuevo Retamo Hijuela Molas,2371,78.94,11290.45,341010.48,25180.69,315829.79,0.074,,,
Canal Mz.Constitución,Rama Nuevo Retamo Hijuela Puebla,2372,78.94,11290.45,341010.48,25180.69,315829.79,0.074,,,
Canal Mz.Constitución,Rama Nuevo Retamo Hijuela Martinez,2373,78.94,11290.45,341010.48,25180.69,315829.79,0.074,,,
Canal Mz.Constitución,Rama Nuevo Retamo Hijuela Furlotti,2374,78.94,11290.45,341010.48,25180.69,315829.79,0.074,,,
Canal Mz.Constitución,Rama Nuevo Retamo Hijuela Istharri,2375,78.94,11290.45,341010.48,25180.69,315829.79,0.074,,,
Canal Mz.Constitución,Rama Nuevo Retamo Hijuela Surraco,2376,78.94,11290.45,341010.48,25180.69,315829.79,0.074,,,
Canal Mz.Constitución,Rama Nuevo Retamo Hijuela Giagnoni,2377,78.94,11290.45,341010.48,25180.69,315829.79,0.074,,,
Canal Mz.Constitución,Rama Nuevo Retamo Hijuela Santos Lugares,2378,78.94,11290.45,341010.48,25180.69,315829.79,0.074,,,
Canal Mz.Constitución,Rama Nuevo Retamo Hijuela Renna,2379,78.94,11290.45,341010.48,25180.69,315829.79,0.074,,,
Canal Mz.Constitución,Rama Nuevo Retamo Hijuela Tagua,2380,78.94,11290.45,341010.48,25180.69,315829.79,0.074,,,
Canal Mz.Constitución,Rama Nuevo Retamo Hijuela Giacomelli,2381,78.94,11290.45,341010.48,25180.69,315829.79,0.074,,,
Canal Mz.Constitución,Rama Nuevo Retamo Hijuela Silva,2382,78.94,11290.45,341010.48,25180.69,315829.79,0.074,,,
Canal Mz.Constitución,Rama Nuevo Retamo Hijuela Sosa,2383,78.94,11290.45,341010.48,25180.69,315829.79,0.074,,,
Canal Mz.Constitución,Rama Nuevo Retamo Hijuela Ochoa,2384,78.94,11290.45,341010.48,25180.69,315829.79,0.074,,,
Canal Mz.Constitución,Rama Nuevo Retamo Hijuela Figueroa,2385,78.94,11290.45,341010.48,25180.69,315829.79,0.074,,,
Canal Mz.Constitución,Rama Nuevo Retamo Hijuela Ariza,2386,78.94,11290.45,341010.48,25180.69,315829.79,0.074,,,
Canal Mz.Constitución,Rama Nuevo Retamo Hijuela Tomba,2387,78.94,11290.45,341010.48,25180.69,315829.79,0.074,,,
Canal Mz.Constitución,Rama Nuevo Retamo Hijuela Casar,2388,78.94,11290.45,341010.48,25180.69,315829.79,0.074,,,
Canal Mz.Constitución,Rama Nuevo Retamo Hijuela Guerrero,2389,78.94,11290.45,341010.48,25180.69,315829.79,0.074,,,
Canal Mz.Constitución,Rama Nuevo Retamo Hijuela Villegas,2390,78.94,11290.45,341010.48,25180.69,315829.79,0.074,,,
CRUZ BODEGA,RAMA CRUZ BODEGA,2130,82.96,1058.13,36139.51,1668.11,34471.40,0.046,,,
Canal Mz.Independencia,Rama Cruz Bodega Hijuela Lucero,2132,82.96,1058.13,36139.51,1668.11,34471.40,0.046,,,
Canal Mz.Independencia,Rama Cruz Bodega Hijuela Zapata,2133,82.96,1058.13,36139.51,1668.11,34471.40,0.046,,,
Canal Mz.Independencia,Rama Cruz Bodega Ramo Ampuero,2134,82.96,1058.13,36139.51,1668.11,34471.40,0.046,,,
Canal Mz.Independencia,Rama Cruz Bodega Ramo Capilla,2135,82.96,1058.13,36139.51,1668.11,34471.40,0.046,,,
Canal Mz.Independencia,Rama Cruz Bodega Hijuela Ortiz,2136,82.96,1058.13,36139.51,1668.11,34471.40,0.046,,,
GODOY,RAMA GODOY,2137,81.67,1322.59,42065.77,2305.25,39760.52,0.055,,,
Canal Mz.Independencia,Rama Godoy Hijuela Palmira,2138,81.67,1322.59,42065.77,2305.25,39760.52,0.055,,,
Canal Mz.Independencia,Rama Godoy Hijuela Lavoisier,2139,81.67,1322.59,42065.77,2305.25,39760.52,0.055,,,
HENRIQUEZ,RAMA HENRIQUEZ,2130,84.42,490.08,21824.41,1296.24,20528.17,0.059,,,
LA DORMIDA,,,77.74,4631.64,95782.58,15590.05,80192.53,0.163,,,
MONTECASEROS,RAMA MONTECASEROS,2194,86.97,8711.82,279663.76,12784.78,266878.98,0.046,,,
Canal Mz.San Martín,Rama Montecaseros Hijuela 1ª Morón,2195,86.97,8711.82,279663.76,12784.78,266878.98,0.046,,,
Canal Mz.San Martín,Rama Montecaseros Hijuela 1ª Morón Ramo Gellón,2196,86.97,8711.82,279663.76,12784.78,266878.98,0.046,,,
Canal Mz.San Martín,Rama Montecaseros Hijuela 2ª Espino,2197,86.97,8711.82,279663.76,12784.78,266878.98,0.046,,,
Canal Mz.San Martín,Rama Montecaseros Hijuela 2ª Espino Ramo Desarenador,2198,86.97,8711.82,279663.76,12784.78,266878.98,0.046,,,
Canal Mz.San Martín,Rama Montecaseros Hijuela 2ª Espino Ramo Belleville,2199,86.97,8711.82,279663.76,12784.78,266878.98,0.046,,,
Canal Mz.San Martín,Rama Montecaseros Hijuela 2ª Espino TOMA EXCLUSIVA,2200,86.97,8711.82,279663.76,12784.78,266878.98,0.046,,,
Canal Mz.San Martín,Ramo Zanotelli,2201,86.97,8711.82,279663.76,12784.78,266878.98,0.046,,,
Canal Mz.San Martín,Rama Montecaseros Hijuela 2ª Espino Ramo Nuñez y Torres,2202,86.97,8711.82,279663.76,12784.78,266878.98,0.046,,,
Canal Mz.San Martín,Rama Montecaseros Hijuela 2ª Espino Ramo Bustos,2203,86.97,8711.82,279663.76,12784.78,266878.98,0.046,,,
Canal Mz.San Martín,Rama Montecaseros Hijuela 2ª Espino Ramo Pol,2204,86.97,8711.82,279663.76,12784.78,266878.98,0.046,,,
Canal Mz.San Martín,Rama Montecaseros TOMA EXCLUSIVA,2609,86.97,8711.82,279663.76,12784.78,266878.98,0.046,,,
Canal Mz.San Martín,Rama Montecaseros Hijuela 3ª Salvador ,2205,86.97,8711.82,279663.76,12784.78,266878.98,0.046,,,
Canal Mz.San Martín,Rama Montecaseros Hijuela 3ª Salvador Ramo Ferrier,2206,86.97,8711.82,279663.76,12784.78,266878.98,0.046,,,
Canal Mz.San Martín,Rama Montecaseros Hijuela 3ª Salvador Ramo Pouget,2207,86.97,8711.82,279663.76,12784.78,266878.98,0.046,,,
Canal Mz.San Martín,Rama Montecaseros Hijuela 3ª Salvador Ramo Guevara,2208,86.97,8711.82,279663.76,12784.78,266878.98,0.046,,,
Canal Mz.San Martín,Rama Montecaseros Hijuela 3ª Salvador Ramo Oratorio,2209,86.97,8711.82,279663.76,12784.78,266878.98,0.046,,,
Canal Mz.San Martín,Rama Montecaseros Hijuela 3ª Salvador Ramo Becerra,2210,86.97,8711.82,279663.76,12784.78,266878.98,0.046,,,
Canal Mz.San Martín,Rama Montecaseros Hijuela 3ª Salvador Ramo Soto,2211,86.97,8711.82,279663.76,12784.78,266878.98,0.046,,,
Canal Mz.San Martín,Rama Montecaseros Hijuela 3ª Salvador Ramo Barraza,2212,86.97,8711.82,279663.76,12784.78,266878.98,0.046,,,
Canal Mz.San Martín,Rama Montecaseros Hijuela 3ª Salvador Ramo Salinas,2213,86.97,8711.82,279663.76,12784.78,266878.98,0.046,,,
Canal Mz.San Martín,Rama Montecaseros Hijuela 4ª Chivilcoy,2214,86.97,8711.82,279663.76,12784.78,266878.98,0.046,,,
Canal Mz.San Martín,Rama Montecaseros Hijuela 4ª Chivilcoy Ramo Nº4,2215,86.97,8711.82,279663.76,12784.78,266878.98,0.046,,,
Canal Mz.San Martín,Rama Montecaseros Hijuela 4ª Chivilcoy Ramo Nº10,2216,86.97,8711.82,279663.76,12784.78,266878.98,0.046,,,
Canal Mz.San Martín,Rama Montecaseros Hijuela 4ª Chivilcoy Ramo Sauce,2217,86.97,8711.82,279663.76,12784.78,266878.98,0.046,,,
Canal Mz.San Martín,Rama Montecaseros Hijuela 4ª Chivilcoy Ramo Sáez Nº8,2218,86.97,8711.82,279663.76,12784.78,266878.98,0.046,,,
Canal Mz.San Martín,Rama Montecaseros Hijuela 4ª Chivilcoy Ramo Guardia,2219,86.97,8711.82,279663.76,12784.78,266878.98,0.046,,,
Canal Mz.San Martín,Rama Montecaseros Hijuela 4ª Chivilcoy Ramo Nº7,2220,86.97,8711.82,279663.76,12784.78,266878.98,0.046,,,
Canal Mz.San Martín,Rama Montecaseros Hijuela 4ª Chivilcoy Ramo Villalobos,2221,86.97,8711.82,279663.76,12784.78,266878.98,0.046,,,
Canal Mz.San Martín,Rama Montecaseros Hijuela 4ª Chivilcoy Ramo Nº12,2222,86.97,8711.82,279663.76,12784.78,266878.98,0.046,,,
Canal Mz.San Martín,Rama Montecaseros Hijuela 5ª Pescara,2223,86.97,8711.82,279663.76,12784.78,266878.98,0.046,,,
Canal Mz.San Martín,Rama Montecaseros Hijuela 5ª Morón,2224,86.97,8711.82,279663.76,12784.78,266878.98,0.046,,,
Canal Mz.San Martín,Rama Montecaseros Hijuela 6ª Anzorena,2225,86.97,8711.82,279663.76,12784.78,266878.98,0.046,,,
Canal Mz.San Martín,Rama Montecaseros Hijuela 6ª Anzorena Ramo Dávila,2226,86.97,8711.82,279663.76,12784.78,266878.98,0.046,,,
Canal Mz.San Martín,Rama Montecaseros Hijuela 6ª Anzorena Ramo Calderón,2227,86.97,8711.82,279663.76,12784.78,266878.98,0.046,,,
Canal Mz.San Martín,Rama Montecaseros Hijuela 6ª Anzorena Ramo Lavalle,2228,86.97,8711.82,279663.76,12784.78,266878.98,0.046,,,
Canal Mz.San Martín,Rama Montecaseros Hijuela 6ª Anzorena Ramo Sauce,2620,86.97,8711.82,279663.76,12784.78,266878.98,0.046,,,
Canal Mz.San Martín,Rama Montecaseros Hijuela Reynoso,2230,86.97,8711.82,279663.76,12784.78,266878.98,0.046,,,
Canal Mz.San Martín,Rama Montecaseros Hijuela Reynoso Ramo Hernández,2231,86.97,8711.82,279663.76,12784.78,266878.98,0.046,,,
Canal Mz.San Martín,Rama Montecaseros Hijuela Reynoso Ramo Miranda,2232,86.97,8711.82,279663.76,12784.78,266878.98,0.046,,,
Canal Mz.San Martín,Rama Montecaseros Hijuela Reynoso Ramo Vélez,2233,86.97,8711.82,279663.76,12784.78,266878.98,0.046,,,
Canal Mz.San Martín,Rama montecaseros Hijuela 7ª Zapata,2234,86.97,8711.82,279663.76,12784.78,266878.98,0.046,,,
Canal Mz.San Martín,Rama Montecaseros Hijuela 7ª Zapata Ramo Lucero,2235,86.97,8711.82,279663.76,12784.78,266878.98,0.046,,,
Canal Mz.San Martín,Rama Montecaseros Hijuela Gutierrez,2236,86.97,8711.82,279663.76,12784.78,266878.98,0.046,,,
Canal Mz.San Martín,Rama Montecaseros Hijuela 8ª Ñango,2237,86.97,8711.82,279663.76,12784.78,266878.98,0.046,,,
Canal Mz.San Martín,Rama Montecaseros Hijuela 8ª Ñango Ramo Vargas,2238,86.97,8711.82,279663.76,12784.78,266878.98,0.046,,,
Canal Mz.San Martín,Rama Montecaseros Hijuela 8ª Ñango Ramo Santamarina,2239,86.97,8711.82,279663.76,12784.78,266878.98,0.046,,,
Canal Mz.San Martín,Rama Montecaseros Hijuela Nanclares,2240,86.97,8711.82,279663.76,12784.78,266878.98,0.046,,,
NORTE ALTO VERDE,RAMA NORTE ALTO VERDE,2271,84.97,5476.66,136763.78,12180.16,124583.62,0.089,,,
Canal Mz.San Martín,Rama Norte Alto Verde Hijuela Nº 1,2272,84.97,5476.66,136763.78,12180.16,124583.62,0.089,,,
Canal Mz.San Martín,Rama Norte Alto Verde Hijuela Nº 2,2273,84.97,5476.66,136763.78,12180.16,124583.62,0.089,,,
Canal Mz.San Martín,Rama Norte Alto Verde Hijuela Nº 3,2274,84.97,5476.66,136763.78,12180.16,124583.62,0.089,,,
Canal Mz.San Martín,"Rama Norte Alto Verde Hijuela Nº 4""POBLACIONAL""",2275,84.97,5476.66,136763.78,12180.16,124583.62,0.089,,,
Canal Mz.San Martín,Rama Norte Alto Verde Hijuela Nº 5,2276,84.97,5476.66,136763.78,12180.16,124583.62,0.089,,,
Canal Mz.San Martín,"Rama Norte Alto Verde Hijuela Nº 6 ""BREYER""",2277,84.97,5476.66,136763.78,12180.16,124583.62,0.089,,,
Canal Mz.San Martín,"Rama Norte Alto Verde Hijuela Nº 6 ""VIDELA""",2278,84.97,5476.66,136763.78,12180.16,124583.62,0.089,,,
Canal Mz.San Martín,Rama Norte Alto Verde Hijuela Nº 7,2279,84.97,5476.66,136763.78,12180.16,124583.62,0.089,,,
Canal Mz.San Martín,Rama Norte Alto Verde Hijuela Nº 8,2280,84.97,5476.66,136763.78,12180.16,124583.62,0.089,,,
Canal Mz.San Martín,Rama Norte Alto Verde Hijuela Nº 9,2281,84.97,5476.66,136763.78,12180.16,124583.62,0.089,,,
Canal Mz.San Martín,Rama Norte Alto Verde Hijuela Nº10,2282,84.97,5476.66,136763.78,12180.16,124583.62,0.089,,,
Canal Mz.San Martín,Rama Norte Alto Verde Hijuela Nº11,2283,84.97,5476.66,136763.78,12180.16,124583.62,0.089,,,
Canal Mz.San Martín,Rama Norte Alto Verde Hijuela Nº12,2284,84.97,5476.66,136763.78,12180.16,124583.62,0.089,,,
Canal Mz.San Martín,Rama Norte Alto Verde Hijuela Nº13,2285,84.97,5476.66,136763.78,12180.16,124583.62,0.089,,,
Canal Mz.San Martín,Rama Norte Alto Verde Hijuela Nº14,2286,84.97,5476.66,136763.78,12180.16,124583.62,0.089,,,
Canal Mz.San Martín,Rama Norte Alto Verde Hijuela Nº15,2287,84.97,5476.66,136763.78,12180.16,124583.62,0.089,,,
Canal Mz.San Martín,Rama Norte Alto Verde Hijuela Nº16,2288,84.97,5476.66,136763.78,12180.16,124583.62,0.089,,,
Canal Mz.San Martín,Rama Norte Alto Verde Hijuela Nº17,2289,84.97,5476.66,136763.78,12180.16,124583.62,0.089,,,
Canal Mz.San Martín,Rama Norte Alto Verde Hijuela Nº18,2290,84.97,5476.66,136763.78,12180.16,124583.62,0.089,,,
Canal Mz.San Martín,Rama Norte Alto Verde Hijuela Nº19,2291,84.97,5476.66,136763.78,12180.16,124583.62,0.089,,,
Canal Mz.San Martín,Rama Norte Alto Verde Hijuela Nº20,2292,84.97,5476.66,136763.78,12180.16,124583.62,0.089,,,
Canal Mz.San Martín,Rama Norte Alto Verde Hijuela Nº21,2293,84.97,5476.66,136763.78,12180.16,124583.62,0.089,,,
Canal Mz.San Martín,Rama Norte Alto Verde Hijuela Nº22,2294,84.97,5476.66,136763.78,12180.16,124583.62,0.089,,,
Canal Mz.San Martín,Rama Norte Alto Verde Hijuela Nº23,2295,84.97,5476.66,136763.78,12180.16,124583.62,0.089,,,
Canal Mz.San Martín,Rama Norte Alto Verde Hijuela Nº24,2296,84.97,5476.66,136763.78,12180.16,124583.62,0.089,,,
Canal Mz.San Martín,Rama Norte Alto Verde Hijuela Nº25,2297,84.97,5476.66,136763.78,12180.16,124583.62,0.089,,,
Canal Mz.San Martín,Rama Norte Alto Verde Hijuela Nº26,2298,84.97,5476.66,136763.78,12180.16,124583.62,0.089,,,
Canal Mz.San Martín,Rama Norte Alto Verde Hijuela Nº27,2299,84.97,5476.66,136763.78,12180.16,124583.62,0.089,,,
Canal Mz.San Martín,Rama Norte Alto Verde Hijuela Nº28,2300,84.97,5476.66,136763.78,12180.16,124583.62,0.089,,,
Canal Mz.San Martín,Rama Norte Alto Verde Hijuela Nº29,2301,84.97,5476.66,136763.78,12180.16,124583.62,0.089,,,
Canal Mz.San Martín,Rama Norte Alto Verde Hijuela Nº30,2302,84.97,5476.66,136763.78,12180.16,124583.62,0.089,,,
Canal Mz.San Martín,Rama Norte Alto Verde Hijuela Nº31,2303,84.97,5476.66,136763.78,12180.16,124583.62,0.089,,,
Canal Mz.San Martín,Rama Norte Alto Verde Hijuela Nº32,2304,84.97,5476.66,136763.78,12180.16,124583.62,0.089,,,
Canal Mz.San Martín,"Rama Norte Alto Verde Hijuela Nº32""A""",2310,84.97,5476.66,136763.78,12180.16,124583.62,0.089,,,
Canal Mz.San Martín,Rama Norte Alto Verde Hijuela Nº33,2305,84.97,5476.66,136763.78,12180.16,124583.62,0.089,,,
Canal Mz.San Martín,Rama Norte Alto Verde Hijuela Nº34,2306,84.97,5476.66,136763.78,12180.16,124583.62,0.089,,,
Canal Mz.San Martín,Rama Norte Alto Verde Hijuela Nº35,2307,84.97,5476.66,136763.78,12180.16,124583.62,0.089,,,
Canal Mz.San Martín,Rama Norte Alto Verde Hijuela Nº36,2308,84.97,5476.66,136763.78,12180.16,124583.62,0.089,,,
Canal Mz.San Martín,Rama Norte Alto Verde Hijuela Nº37,2309,84.97,5476.66,136763.78,12180.16,124583.62,0.089,,,
NUEVA CALIFORNIA,,,80.46,2188.96,51523.58,6398.31,45125.27,0.124,,,
NUEVO GIL,CANAL NUEVO GIL. (Viene del CC2930),2432,79.88,3033.39,76773.98,7869.13,68904.85,0.102,,,
Canal Nuevo Gil,Hijuela Nº 1 (Viene del CC2931),2433,79.88,3033.39,76773.98,7869.13,68904.85,0.102,,,
Canal Nuevo Gil,Hijuela Nº 2 (Viene del CC2932),2434,79.88,3033.39,76773.98,7869.13,68904.85,0.102,,,
Canal Nuevo Gil,Hijuela Nº 3 (Viene del CC2933),2435,79.88,3033.39,76773.98,7869.13,68904.85,0.102,,,
Canal Nuevo Gil,Hijuela Nº 4 (Viene del CC2934),2436,79.88,3033.39,76773.98,7869.13,68904.85,0.102,,,
Canal Nuevo Gil,Hijuela Nº 5 (Viene del CC2935),2437,79.88,3033.39,76773.98,7869.13,68904.85,0.102,,,
Canal Nuevo Gil,Hijuela Nº 6 (Viene del CC2936),2438,79.88,3033.39,76773.98,7869.13,68904.85,0.102,,,
Canal Nuevo Gil,Hijuela Nº 7 (Viene del CC2937),2439,79.88,3033.39,76773.98,7869.13,68904.85,0.102,,,
OTOYANES,,,73.72,788.74,19824.85,229.00,19595.85,0.012,,,
OVALLE,,,98.00,89.30,6322.56,6321.56,1.00,1.000,,,
REDUCCION,,,73.69,13969.42,398852.31,7063.20,391789.11,0.018,,,
SAN MARTIN,CANAL MATRIZ SAN MARTIN,2183,71.49,2739.56,128809.28,10617.22,118192.06,0.082,,,
Canal Mz.San Martín,HIJUELA MOLINA,2184,71.49,2739.56,128809.28,10617.22,118192.06,0.082,,,
Canal Mz.San Martín,Hijuela Molina Ramo Colonia,2185,71.49,2739.56,128809.28,10617.22,118192.06,0.082,,,
Canal Mz.San Martín,Hijuela Molina Ramo Grandon,2186,71.49,2739.56,128809.28,10617.22,118192.06,0.082,,,
Canal Mz.San Martín,Hijuela Del Molino,2187,71.49,2739.56,128809.28,10617.22,118192.06,0.082,,,
Canal Mz.San Martín,Hijuela Lucero,2188,71.49,2739.56,128809.28,10617.22,118192.06,0.082,,,
Canal Mz.San Martín,Hijuela Lucero Contribuyentes de la Hij Lucero,2189,71.49,2739.56,128809.28,10617.22,118192.06,0.082,,,
Canal Mz.San Martín,TOMA EXCLUSIVA CONTRERAS,2190,71.49,2739.56,128809.28,10617.22,118192.06,0.082,,,
Canal Mz.San Martín,Hijuela Saavedra,2191,71.49,2739.56,128809.28,10617.22,118192.06,0.082,,,
Canal Mz.San Martín,Hijuela Sarramea,2192,71.49,2739.56,128809.28,10617.22,118192.06,0.082,,,
Canal Mz.San Martín,Hijuela Orfila,2619,71.49,2739.56,128809.28,10617.22,118192.06,0.082,,,
Canal Mz.San Martín,RAMA ALTO VERDE,2616,71.49,2739.56,128809.28,10617.22,118192.06,0.082,,,
SANTA ROSA,,2533,79.26,3653.19,95494.24,11554.58,83939.66,0.121,,,
Canal Mz.Santa Rosa,Hijuela Carballo,2534,79.26,3653.1875,95494.24,11554.58,83939.66,13.8,,,
Canal Mz.Santa Rosa,Hijuela Segunda,2535,79.26,3653.1875,95494.24,11554.58,83939.66,13.8,,,
Canal Mz.Santa Rosa,Hijuela Luquez Sur,2536,79.26,3653.1875,95494.24,11554.58,83939.66,13.8,,,
Canal Mz.Santa Rosa,Hijuela Luquez Norte,2537,79.26,3653.1875,95494.24,11554.58,83939.66,13.8,,,
Canal Mz.Santa Rosa,Hijuela Farrando,2538,79.26,3653.1875,95494.24,11554.58,83939.66,13.8,,,
Canal Mz.Santa Rosa,Hijuela Horqueta,2539,79.26,3653.1875,95494.24,11554.58,83939.66,13.8,,,
Canal Mz.Santa Rosa,Hijuela Román,2540,79.26,3653.1875,95494.24,11554.58,83939.66,13.8,,,
Canal Mz.Santa Rosa,Hijuela Villa Santa Rosa,2541,79.26,3653.1875,95494.24,11554.58,83939.66,13.8,,,
Canal Mz.Santa Rosa,Hijuela Carlos González,2542,79.26,3653.1875,95494.24,11554.58,83939.66,13.8,,,
Canal Mz.Santa Rosa,Hijuela L Escudero,2543,79.26,3653.1875,95494.24,11554.58,83939.66,13.8,,,
Canal Mz.Santa Rosa,Hijuela J Olmos,2544,79.26,3653.1875,95494.24,11554.58,83939.66,13.8,,,
Canal Mz.Santa Rosa,Hijuela Angelino Arenas,2545,79.26,3653.1875,95494.24,11554.58,83939.66,13.8,,,
Canal Mz.Santa Rosa,Hijuela Las Flores,2546,79.26,3653.1875,95494.24,11554.58,83939.66,13.8,,,
Canal Mz.Santa Rosa,Hijuela Los Reyes,2547,79.26,3653.1875,95494.24,11554.58,83939.66,13.8,,,
Canal Mz.Santa Rosa,Hijuela Hernández,2548,79.26,3653.1875,95494.24,11554.58,83939.66,13.8,,,
Canal Mz.Santa Rosa,Hijuela Zapata,2549,79.26,3653.1875,95494.24,11554.58,83939.66,13.8,,,
Canal Mz.Santa Rosa,Hijuela Saturnino Fá,2550,79.26,3653.1875,95494.24,11554.58,83939.66,13.8,,,
Canal Mz.Santa Rosa,Hijuela Gabrielli,2551,79.26,3653.1875,95494.24,11554.58,83939.66,13.8,,,
Canal Mz.Santa Rosa,Hijuela Demófilo Fá,2552,79.26,3653.1875,95494.24,11554.58,83939.66,13.8,,,
Canal Mz.Santa Rosa,Hijuela Venancio Carrasco,2553,79.26,3653.1875,95494.24,11554.58,83939.66,13.8,,,
Canal Mz.Santa Rosa,Hijuela Antonio Villegas,2554,79.26,3653.1875,95494.24,11554.58,83939.66,13.8,,,
Canal Mz.Santa Rosa,Hijuela José Guiñazú,2555,79.26,3653.1875,95494.24,11554.58,83939.66,13.8,,,
Canal Mz.Santa Rosa,Hijuela Leopoldo Suárez,2556,79.26,3653.1875,95494.24,11554.58,83939.66,13.8,,,
Canal Mz.Santa Rosa,Hijuela Angelino Arenas,2557,79.26,3653.1875,95494.24,11554.58,83939.66,13.8,,,
SAUCE,RAMA SAUCE,2123,84.61,3403.01,67401.42,1952.74,65448.68,0.029,,,
Canal Mz.Independencia,Rama Sauce Hijuela Tapia,2125,84.61,3403.01,67401.42,1952.74,65448.68,0.029,,,
Canal Mz.Independencia,Rama Sauce Hijuela Moraleda,2126,84.61,3403.01,67401.42,1952.74,65448.68,0.029,,,
Canal Mz.Independencia,Rama Sauce Hijuela Peñalosa,2127,84.61,3403.01,67401.42,1952.74,65448.68,0.029,,,
Canal Mz.Independencia,Rama Sauce Hijuela Miguez,2128,84.61,3403.01,67401.42,1952.74,65448.68,0.029,,,
Canal Mz.Independencia,Rama Sauce Hijuela Croizier,2129,84.61,3403.01,67401.42,1952.74,65448.68,0.029,,,
Canal Mz.Independencia,Rama Sauce Hijuela Demalde,2614,84.61,3403.01,67401.42,1952.74,65448.68,0.029,,,
SUR ALTO VERDE,RAMA SUR ALTO VERDE,2241,83.46,3638.72,101852.83,8116.53,93736.30,0.080,,,
Canal Mz.San Martín,Rama Sur Alto Verde Hijuela Nº 1,2242,83.46,3638.72,101852.83,8116.53,93736.30,0.080,,,
Canal Mz.San Martín,Rama Sur Alto Verde Hijuela Nº 2,2243,83.46,3638.72,101852.83,8116.53,93736.30,0.080,,,
Canal Mz.San Martín,Rama Sur Alto Verde Hijuela Nº 3,2244,83.46,3638.72,101852.83,8116.53,93736.30,0.080,,,
Canal Mz.San Martín,Rama Sur Alto Verde Hijuela Nº 4,2245,83.46,3638.72,101852.83,8116.53,93736.30,0.080,,,
Canal Mz.San Martín,"Rama Sur Alto Verde Hijuela Nº 4""A""",2246,83.46,3638.72,101852.83,8116.53,93736.30,0.080,,,
Canal Mz.San Martín,Rama Sur Alto Verde Hijuela Nº 5,2247,83.46,3638.72,101852.83,8116.53,93736.30,0.080,,,
Canal Mz.San Martín,Rama Sur Alto Verde Hijuela Nº 6,2248,83.46,3638.72,101852.83,8116.53,93736.30,0.080,,,
Canal Mz.San Martín,Rama Sur Alto Verde Hijuela Nº 7,2249,83.46,3638.72,101852.83,8116.53,93736.30,0.080,,,
Canal Mz.San Martín,"Rama Sur Alto Verde Hijuela Nº 7""A""",2250,83.46,3638.72,101852.83,8116.53,93736.30,0.080,,,
Canal Mz.San Martín,Rama Sur Alto Verde Hijuela Nº 8,2251,83.46,3638.72,101852.83,8116.53,93736.30,0.080,,,
Canal Mz.San Martín,Rama Sur Alto Verde Hijuela Nº 9,2252,83.46,3638.72,101852.83,8116.53,93736.30,0.080,,,
Canal Mz.San Martín,Rama Sur Alto Verde Hijuela Nº10,2253,83.46,3638.72,101852.83,8116.53,93736.30,0.080,,,
Canal Mz.San Martín,Rama Sur Alto Verde Hijuela Nº11,2254,83.46,3638.72,101852.83,8116.53,93736.30,0.080,,,
Canal Mz.San Martín,Rama Sur Alto Verde Hijuela Nº12,2255,83.46,3638.72,101852.83,8116.53,93736.30,0.080,,,
Canal Mz.San Martín,Rama Sur Alto Verde Hijuela Nº13,2256,83.46,3638.72,101852.83,8116.53,93736.30,0.080,,,
Canal Mz.San Martín,"Rama Sur Alto Verde Hijuela Nº13""A""",2257,83.46,3638.72,101852.83,8116.53,93736.30,0.080,,,
Canal Mz.San Martín,Rama Sur Alto Verde Hijuela Nº14,2258,83.46,3638.72,101852.83,8116.53,93736.30,0.080,,,
Canal Mz.San Martín,Rama Sur Alto Verde Hijuela Nº15,2259,83.46,3638.72,101852.83,8116.53,93736.30,0.080,,,
Canal Mz.San Martín,Rama Sur Alto Verde Hijuela Nº16,2260,83.46,3638.72,101852.83,8116.53,93736.30,0.080,,,
Canal Mz.San Martín,Rama Sur Alto Verde Hijuela Nº17,2261,83.46,3638.72,101852.83,8116.53,93736.30,0.080,,,
Canal Mz.San Martín,Rama Sur Alto Verde Hijuela Nº18,2262,83.46,3638.72,101852.83,8116.53,93736.30,0.080,,,
Canal Mz.San Martín,Rama Sur Alto Verde Hijuela Nº19,2263,83.46,3638.72,101852.83,8116.53,93736.30,0.080,,,
Canal Mz.San Martín,Rama Sur Alto Verde Hijuela Nº20,2264,83.46,3638.72,101852.83,8116.53,93736.30,0.080,,,
Canal Mz.San Martín,Rama Sur Alto Verde Hijuela Nº21,2265,83.46,3638.72,101852.83,8116.53,93736.30,0.080,,,
Canal Mz.San Martín,Rama Sur Alto Verde Hijuela Nº22,2266,83.46,3638.72,101852.83,8116.53,93736.30,0.080,,,
Canal Mz.San Martín,Rama Sur Alto Verde Hijuela Nº23,2267,83.46,3638.72,101852.83,8116.53,93736.30,0.080,,,
Canal Mz.San Martín,Rama Sur Alto Verde Hijuela Nº24,2268,83.46,3638.72,101852.83,8116.53,93736.30,0.080,,,
Canal Mz.San Martín,Rama Sur Alto Verde Hijuela Nº25,2269,83.46,3638.72,101852.83,8116.53,93736.30,0.080,,,
Canal Mz.San Martín,Rama Sur Alto Verde SOBRANTES,2270,83.46,3638.72,101852.83,8116.53,93736.30,0.080,,,
TRAMO MEDIO,,,81.40,3287.49,137337.46,4956.77,132380.69,0.036,,,
LA PAZ,,,76.15,57.63,66195.29,3969.44,62225.85,0.060,,,
LA PAZ,CANAL MATRIZ LA PAZ,2558,76.15,2364.49,66195.30,3969.45,62225.86,0.060,,,
Canal Mz.La Paz,Hijuela Chacritas,2559,76.15,2364.49,66195.30,3969.45,62225.86,0.060,,,
Canal Mz.La Paz,Hijuela Castro,2560,76.15,2364.49,66195.30,3969.45,62225.86,0.060,,,
Canal Mz.La Paz,Hijuela Rojas,2561,76.15,2364.49,66195.30,3969.45,62225.86,0.060,,,
Canal Mz.La Paz,Hijuela Parrales Mendocinos,2632,76.15,2364.49,66195.30,3969.45,62225.86,0.060,,,
Canal Mz.La Paz,RAMA DORMIDA,2562,76.15,2364.49,66195.30,3969.45,62225.86,0.060,,,
Canal Mz.La Paz,RDormida Hijuela Suárez,2563,76.15,2364.49,66195.30,3969.45,62225.86,0.060,,,
Canal Mz.La Paz,RDormida Hijuela Mayorga Norte Catitas,2564,76.15,2364.49,66195.30,3969.45,62225.86,0.060,,,
Canal Mz.La Paz,RDormida Hijuela Villa,2565,76.15,2364.49,66195.30,3969.45,62225.86,0.060,,,
Canal Mz.La Paz,RDormida Hijuela Lemos,2566,76.15,2364.49,66195.30,3969.45,62225.86,0.060,,,
Canal Mz.La Paz,RDormida Hijuela Segura,2567,76.15,2364.49,66195.30,3969.45,62225.86,0.060,,,
Canal Mz.La Paz,RDormida Hijuela Maure,2568,76.15,2364.49,66195.30,3969.45,62225.86,0.060,,,
Canal Mz.La Paz,RDormida Hijuela Caballero,2569,76.15,2364.49,66195.30,3969.45,62225.86,0.060,,,
Canal Mz.La Paz,RDormida Hijuela La Lonja,2570,76.15,2364.49,66195.30,3969.45,62225.86,0.060,,,
Canal Mz.La Paz,RDormida Hijuela Abruzzesse,2571,76.15,2364.49,66195.30,3969.45,62225.86,0.060,,,
Canal Mz.La Paz,RDormida HIJUELA SUR CATITAS,2577,76.15,2364.49,66195.30,3969.45,62225.86,0.060,,,
Canal Mz.La Paz,RDormida Hijuela Sur Catitas Ramo Nº 1,2578,76.15,2364.49,66195.30,3969.45,62225.86,0.060,,,
Canal Mz.La Paz,RDormida Hijuela Sur Catitas Ramo Nº 2,2579,76.15,2364.49,66195.30,3969.45,62225.86,0.060,,,
Canal Mz.La Paz,RDormida Hijuela Sur Catitas Ramo Nº 3,2580,76.15,2364.49,66195.30,3969.45,62225.86,0.060,,,
Canal Mz.La Paz,RDormida Hijuela Sur Catitas Ramo Nº 4,2581,76.15,2364.49,66195.30,3969.45,62225.86,0.060,,,
Canal Mz.La Paz,RDormida Hijuela Sur Catitas Ramo Nº 5,2582,76.15,2364.49,66195.30,3969.45,62225.86,0.060,,,
Canal Mz.La Paz,RDormida Hijuela Sur Catitas Ramo Nº 6,2583,76.15,2364.49,66195.30,3969.45,62225.86,0.060,,,
Canal Mz.La Paz,RDormida Hijuela Sur Catitas Ramo Nº 7,2584,76.15,2364.49,66195.30,3969.45,62225.86,0.060,,,
Canal Mz.La Paz,RDormida Hijuela Sur Catitas Ramo Nº 8-A,2585,76.15,2364.49,66195.30,3969.45,62225.86,0.060,,,
Canal Mz.La Paz,RDormida Hijuela Sur Catitas Ramo Nº 8-B,2586,76.15,2364.49,66195.30,3969.45,62225.86,0.060,,,
Canal Mz.La Paz,RDormida Hijuela Sur Catitas Ramo Nº10,2587,76.15,2364.49,66195.30,3969.45,62225.86,0.060,,,
Canal Mz.La Paz,RDormida Hijuela Sur Catitas Ramo Nº 9,2588,76.15,2364.49,66195.30,3969.45,62225.86,0.060,,,
Canal Mz.La Paz,RAMA SUR LA PAZ,2589,76.15,2364.49,66195.30,3969.45,62225.86,0.060,,,
Canal Mz.La Paz,Rama Sur La Paz Hijuela Del Centro,2590,76.15,2364.49,66195.30,3969.45,62225.86,0.060,,,
Canal Mz.La Paz,Rama Sur La Paz Hijuela Sur,2591,76.15,2364.49,66195.30,3969.45,62225.86,0.060,,,
Canal Mz.La Paz,Rama Sur La Paz Hijuela Mallea,2592,76.15,2364.49,66195.30,3969.45,62225.86,0.060,,,
Canal Mz.La Paz,Rama Sur La Paz Hijuela Centro,2593,76.15,2364.49,66195.30,3969.45,62225.86,0.060,,,
Canal Mz.La Paz,RAMA NORTE LA PAZ,2594,76.15,2364.49,66195.30,3969.45,62225.86,0.060,,,
Canal Mz.La Paz,Rama Norte La Paz Hijuela Alsina,2595,76.15,2364.49,66195.30,3969.45,62225.86,0.060,,,
Canal Mz.La Paz,Rama Norte La Paz Hijuela Lavalle,2596,76.15,2364.49,66195.30,3969.45,62225.86,0.060,,,
Canal Mz.La Paz,Rama Norte La Paz Hijuela Nueva Villa,2597,76.15,2364.49,66195.30,3969.45,62225.86,0.060,,,
Canal Mz.La Paz,RAMA NUEVA CALIFORNIA,2598,76.15,2364.49,66195.30,3969.45,62225.86,0.060,,,
Canal Mz.La Paz,Rama Nueva California Hijuela Norte,2599,76.15,2364.49,66195.30,3969.45,62225.86,0.060,,,
Canal Mz.La Paz,Rama Nueva California Hijuela Sur,2600,76.15,2364.49,66195.30,3969.45,62225.86,0.060,,,
DARSENA,CANAL DARSENA DIRECTO,2193,89.82,59.23,87664.73,9150.53,78514.20,0.104,,,
CANAL RIO BAMBA,CANAL RIO BAMBA,2391,73.00,,,,,,,,
Canal Río Bamba,Hijuela Escudero,2392,73.00,,,,,,,,
Canal Río Bamba,Hijuela Lotes Arboles,2393,73.00,,,,,,,,
Canal Río Bamba,"Hijuela Nº 4 ""Arenas""",2394,73.00,,,,,,,,
Canal Río Bamba,Hijuela Tonelli,2395,73.00,,,,,,,,
CANAL COBOS,CANAL COBOS,2396,,,,,,,,,
Canal Cobos,Hijuela Groezinger,2608,,,,,,,,,
CANAL ARBOLES,CANAL ARBOLES,2425,,,,,,,,,
Canal Arboles,Hijuela Norte,2426,,,,,,,,,
Canal Arboles,Hijuela Cano,2427,,,,,,,,,
Canal Arboles,Hijuela Novello,2428,,,,,,,,,
Canal Arboles,Hijuela Dufau,2429,,,,,,,,,
CANAL MEDRANO,CANAL MEDRANO,2431,81.00,,,,,,,,
CANAL MZ.SAN ISIDRO.,CANAL MZ.SAN ISIDRO.,2440,,,,,,,,,
Canal Mz.San Isidro,Hijuela Isla,2441,,,,,,,,,
Canal Mz.San Isidro,RAMA COSTA,2442,,,,,,,,,
Canal Mz.San Isidro,Rama Costa Hijuela Calderón Norte,2443,,,,,,,,,
Canal Mz.San Isidro,Rama Costa Hijuela Bravo Sur Nº 5,2444,,,,,,,,,
Canal Mz.San Isidro,Rama Costa Hijuela Bravo Norte Nº 6,2445,,,,,,,,,
Canal Mz.San Isidro,Rama Costa Hijuela Dufau,2446,,,,,,,,,
Canal Mz.San Isidro,Rama Costa Hijuela Ramirez Norte,2447,,,,,,,,,
Canal Mz.San Isidro,Rama Costa Hijuela Ramirez Sur,2448,,,,,,,,,
Canal Mz.San Isidro,Rama Costa Hijuela Gomez Norte Nº 4,2449,,,,,,,,,
Canal Mz.San Isidro,Rama Costa Hijuela Rivarola Norte 7,2450,,,,,,,,,
Canal Mz.San Isidro,Rama Costa Hijuela Cuello Norte Nº 8,2451,,,,,,,,,
Canal Mz.San Isidro,Rama Costa Hijuela Cuello Sur Nº 8,2452,,,,,,,,,
Canal Mz.San Isidro,Rama Costa Hijuela Pérez Norte Nº 9,2453,,,,,,,,,
Canal Mz.San Isidro,Rama Costa Hijuela Pérez Sur Nº 10,2454,,,,,,,,,
Canal Mz.San Isidro,Rama Costa Hijuela Pérez Sur Nº 9,2455,,,,,,,,,
Canal Mz.San Isidro,Rama Costa Hijuela Padín Sur Nº 10,2456,,,,,,,,,
Canal Mz.San Isidro,Rama Costa Hijuela Padín Norte Nº 10,2457,,,,,,,,,
Canal Mz.San Isidro,Rama Costa Hijuela Alaniz Norte,2458,,,,,,,,,
Canal Mz.San Isidro,Rama Costa Hijuela Olguín Norte Nº24,2459,,,,,,,,,
Canal Mz.San Isidro,Rama Costa Hijuela Olguín Norte Nº25,2460,,,,,,,,,
Canal Mz.San Isidro,Rama Costa Hijuela Ruarte Norte,2461,,,,,,,,,
Canal Mz.San Isidro,Rama Costa Hijuela Novillo Norte,2462,,,,,,,,,
Canal Mz.San Isidro,Rama Costa Hijuela Olguín Sur Nº 25,2463,,,,,,,,,
Canal Mz.San Isidro,Rama Costa Hijuela Herrera Norte,2464,,,,,,,,,
Canal Mz.San Isidro,Rama Costa Hijuela Galván Norte,2465,,,,,,,,,
Canal Mz.San Isidro,Rama Costa Hijuela Quiroga Sur,2466,,,,,,,,,
Canal Mz.San Isidro,Rama Costa Hijuela Padín Norte Nº 11,2467,,,,,,,,,
Canal Mz.San Isidro,Rama Costa Hijuela Velazco,2468,,,,,,,,,
Canal Mz.San Isidro,Rama Costa Hijuela Millán Norte,2469,,,,,,,,,
Canal Mz.San Isidro,Rama Costa Hijuela Millán Sur,2470,,,,,,,,,
Canal Mz.San Isidro,Rama Costa Hijuela Puebla Norte,2471,,,,,,,,,
Canal Mz.San Isidro,Rama Costa Hijuela Puebla Sur,2472,,,,,,,,,
Canal Mz.San Isidro,Rama Costa Hijuela Calvacho Norte,2473,,,,,,,,,
Canal Mz.San Isidro,Rama Costa Hijuela Calvacho Sur,2474,,,,,,,,,
Canal Mz.San Isidro,Rama Costa Hijuela González Sur,2475,,,,,,,,,
Canal Mz.San Isidro,Rama Costa Hijuela González Norte,2476,,,,,,,,,
Canal Mz.San Isidro,Rama Costa Hijuela Molina Sur,2477,,,,,,,,,
Canal Mz.San Isidro,Rama Costa Hijuela Molina Norte,2478,,,,,,,,,
Canal Mz.San Isidro,Rama Costa Hijuela Vera Norte,2479,,,,,,,,,
Canal Mz.San Isidro,Rama Costa Hijuela Vera Sur,2480,,,,,,,,,
Canal Mz.San Isidro,Rama Costa Hijuela Delgado,2481,,,,,,,,,
Canal Mz.San Isidro,Rama Costa Hijuela Olguín Sur Nº24,2482,,,,,,,,,
Canal Mz.San Isidro,Rama Costa Hijuela Quiroga Norte,2483,,,,,,,,,
Canal Mz.San Isidro,Rama Costa Hijuela Ruarte Sur,2484,,,,,,,,,
Canal Mz.San Isidro,Rama Costa Hijuela Novillo Sur,2485,,,,,,,,,
Canal Mz.San Isidro,Rama Costa Hijuela Soria Norte,2486,,,,,,,,,
Canal Mz.San Isidro,Rama Costa Hijuela Herrera Sur,2487,,,,,,,,,
Canal Mz.San Isidro,Rama Costa Hijuela Páez Norte,2488,,,,,,,,,
Canal Mz.San Isidro,RAMA MUNDO NUEVO,2490,,,,,,,,,
Canal Mz.San Isidro,Rama Mundo Nuevo Hijuela Alcaraz Norte,2491,,,,,,,,,
Canal Mz.San Isidro,Rama Mundo Nuevo Hijuela Ampuero Sur,2492,,,,,,,,,
Canal Mz.San Isidro,Rama Mundo Nuevo Hijuela Antonio Genco,2493,,,,,,,,,
Canal Mz.San Isidro,Rama Mundo Nuevo Hijuela Arancibia Sur,2494,,,,,,,,,
Canal Mz.San Isidro,Rama Mundo Nuevo Hijuela Báez Norte,2495,,,,,,,,,
Canal Mz.San Isidro,Rama Mundo Nuevo Hijuela Bravo Sur,2496,,,,,,,,,
Canal Mz.San Isidro,Rama Mundo Nuevo Hijuela Bustos Norte,2497,,,,,,,,,
Canal Mz.San Isidro,Rama Mundo Nuevo Hijuela Bustos Sur,2498,,,,,,,,,
Canal Mz.San Isidro,Rama Mundo Nuevo Hijuela Cádiz Sur,2499,,,,,,,,,
Canal Mz.San Isidro,Rama Mundo Nuevo Hijuela Calderón Sur,2500,,,,,,,,,
Canal Mz.San Isidro,Rama Mundo Nuevo Hijuela Campos Sur,2501,,,,,,,,,
Canal Mz.San Isidro,Rama Mundo Nuevo Hijuela Chañar Norte,2502,,,,,,,,,
Canal Mz.San Isidro,Rama Mundo Nuevo Hijuela Del Medio Nº 4,2503,,,,,,,,,
Canal Mz.San Isidro,Rama Mundo Nuevo Hijuela Estrella Nº 8,2504,,,,,,,,,
Canal Mz.San Isidro,Rama Mundo Nuevo Hijuela Estrella Sur,2505,,,,,,,,,
Canal Mz.San Isidro,Rama Mundo Nuevo Hijuela Exclusiva Setaro,2506,,,,,,,,,
Canal Mz.San Isidro,Rama Mundo Nuevo Hijuela Farrando Sur,2507,,,,,,,,,
Canal Mz.San Isidro,Rama Mundo Nuevo Hijuela Ferreyra Norte Nº 26,2508,,,,,,,,,
Canal Mz.San Isidro,Rama Mundo Nuevo Hijuela Ferreyra Norte Nº 31,2509,,,,,,,,,
Canal Mz.San Isidro,Rama Mundo Nuevo Hijuela Gomez Norte,2510,,,,,,,,,
Canal Mz.San Isidro,Rama Mundo Nuevo Hijuela Guevara Norte Nº 26,2511,,,,,,,,,
Canal Mz.San Isidro,Rama Mundo Nuevo Hijuela Guevara Sur,2512,,,,,,,,,
Canal Mz.San Isidro,Rama Mundo Nuevo Hijuela Lobos Sur,2513,,,,,,,,,
Canal Mz.San Isidro,Rama Mundo Nuevo Hijuela Los Viejos Norte,2514,,,,,,,,,
Canal Mz.San Isidro,Rama Mundo Nuevo Hijuela Los Viejos Sur,2515,,,,,,,,,
Canal Mz.San Isidro,Rama Mundo Nuevo Hijuela Millán Sur,2516,,,,,,,,,
Canal Mz.San Isidro,Rama Mundo Nuevo Hijuela Moyano Norte,2517,,,,,,,,,
Canal Mz.San Isidro,Rama Mundo Nuevo Hijuela Moyano Sur,2518,,,,,,,,,
Canal Mz.San Isidro,Rama Mundo Nuevo Hijuela Olivera Norte,2519,,,,,,,,,
Canal Mz.San Isidro,Rama Mundo Nuevo Hijuela Olivera Sur,2520,,,,,,,,,
Canal Mz.San Isidro,Rama Mundo Nuevo Hijuela Ozán Sur,2521,,,,,,,,,
Canal Mz.San Isidro,Rama Mundo Nuevo Hijuela Páez Sur,2522,,,,,,,,,
Canal Mz.San Isidro,Rama Mundo Nuevo Hijuela Palma Norte,2523,,,,,,,,,
Canal Mz.San Isidro,Rama Mundo Nuevo Hijuela Pojmaevich Sur,2524,,,,,,,,,
Canal Mz.San Isidro,Rama Mundo Nuevo Hijuela Peña y Lillo Nº 32,2525,,,,,,,,,
Canal Mz.San Isidro,Rama Mundo Nuevo Hijuela Riveira Norte,2526,,,,,,,,,
Canal Mz.San Isidro,Rama Mundo Nuevo Hijuela Sosa Norte Nº 6,2527,,,,,,,,,
Canal Mz.San Isidro,Rama Mundo Nuevo Hijuela Sur San Isidro,2528,,,,,,,,,
Canal Mz.San Isidro,Rama Mundo Nuevo TOMA PARTICULAR,2529,,,,,,,,,
Canal Mz.San Isidro,Rama Mundo Nuevo Hijuela Vergara Norte,2530,,,,,,,,,
Canal Mz.San Isidro,Rama Mundo Nuevo Hijuela Villa Seca Norte,2531,,,,,,,,,
Canal Mz.San Isidro,Rama Mundo Nuevo Hijuela Ozán Norte,2532,,,,,,,,,
CANAL CASABLANCA,CANAL CASABLANCA,2601,,,,,,,,,
CANAL INGENIERO GALLO,CANAL INGENIERO GALLO,2602,,,,,,,,,
CONCESION FRESALS,CONCESION FRESALS,2603,,,,,,,,,
CONCESION EMPERATRIZ ORTIZ DE GONZALEZ,CONCESION EMPERATRIZ ORTIZ DE GONZALEZ,2604,,,,,,,,,
CONCESION EVENTUAL WALTER BINDHOFF,CONCESION EVENTUAL WALTER BINDHOFF,2605,,,,,,,,,
CONCESION EVENTUAL ANGELINO ARENAS,CONCESION EVENTUAL ANGELINO ARENAS,2606,,,,,,,,,
CONCESION NABOR CABRERA,CONCESION NABOR CABRERA,2607,,,,,,,,,
CANAL LOS OTOYANES,CANAL LOS OTOYANES (Viene del 2907) 0074 *,2622,,,,,,,,,